Workbook

Sheet 1 Funnel
B2: 1.4% of sessions end in a purchase, and most are lost before anyone views a product.
B3: 355,592 sessions · 1 Nov 2020 – 31 Jan 2021 · Google Merchandise Store, obfuscated GA4 sample
B5: Sessions | G5: Session conversion rate | L5: Purchasing sessions
B6: =calc!B11 -> 355592 | G6: =calc!B13 -> 0.013619541 | L6: =calc!B12 -> 4843
B8: 30-minute sessions | G8: =calc!B14 -> 95% CI 1.32% – 1.40% | L8: sessions with a purchase event
K10: Each step's conversion from the one before
K12: Step | O12: Conversion | Q12: 95% CI | S12: Skipped previous step
K13: =calc!C2&" → "&LOWER(calc!C3) -> All sessions → viewed a product | O13: =calc!H3 -> 0.215227 | Q13: =TEXT(calc!I3,"0.0%")&" – "&TEXT(calc!J3,"0.0%") -> 21.4% – 21.7% | S13: =calc!K3 -> 0
K14: =calc!C3&" → "&LOWER(calc!C4) -> Viewed a product → added to cart | O14: =calc!H4 -> 0.19716985 | Q14: =TEXT(calc!I4,"0.0%")&" – "&TEXT(calc!J4,"0.0%") -> 19.4% – 20.0% | S14: =calc!K4 -> 0.0010591818
K15: =calc!C4&" → "&LOWER(calc!C5) -> Added to cart → began checkout | O15: =calc!H5 -> 0.39401562 | Q15: =TEXT(calc!I5,"0.0%")&" – "&TEXT(calc!J5,"0.0%") -> 38.6% – 40.2% | S15: =calc!K5 -> 0.46199042
K16: =calc!C5&" → "&LOWER(calc!C6) -> Began checkout → added shipping info | O16: =calc!H6 -> 0.99981922 | Q16: =TEXT(calc!I6,"0.0%")&" – "&TEXT(calc!J6,"0.0%") -> 99.9% – 100.0% | S16: =calc!K6 -> 9.0399566e-05
K17: =calc!C6&" → "&LOWER(calc!C7) -> Added shipping info → added payment info | O17: =calc!H7 -> 0.61318026 | Q17: =TEXT(calc!I7,"0.0%")&" – "&TEXT(calc!J7,"0.0%") -> 60.4% – 62.2% | S17: =calc!K7 -> 0.00044208665
K18: =calc!C7&" → "&LOWER(calc!C8) -> Added payment info → purchased | O18: =calc!H8 -> 0.71323313 | Q18: =TEXT(calc!I8,"0.0%")&" – "&TEXT(calc!J8,"0.0%") -> 70.2% – 72.4% | S18: =calc!K8 -> 0.00061945075
B36: Base: 355,592 30-minute sessions, not GA4's own sessions. A session reaches a step if it contains the event. Intervals: 95% Wilson. Source: dbt model rpt_funnel.

Sheet 2 Leaks
B2: Referral sessions convert above the rest; organic, cpc and 'other' convert below.
B3: 355,592 sessions · 1 Nov 2020 – 31 Jan 2021 · Google Merchandise Store, obfuscated GA4 sample
B5: Funnel step | C5: purchase
B7: ="Segments whose """&LOWER(_xlfn.XLOOKUP($C$5,calc!$B$2:$B$8,calc!$C$2:$C$8))&""" rate differs from the rest of sessions" -> Segments whose "purchased" rate differs from the rest of sessions
K9: Rates and gaps at the selected step
K10: Group | L10: Segment | N10: Sessions | O10: Rate | P10: 95% CI | R10: Gap vs rest | S10: 95% CI
K11: =calc!AD2 -> Device | L11: =calc!AE2 -> desktop | N11: =calc!T2 -> 206354 | O11: =calc!U2 -> 0.013268461 | P11: =TEXT(calc!V2,"0.00%")&" – "&TEXT(calc!W2,"0.00%") -> 1.28% – 1.38% | R11: =calc!X2*100 -> -0.083652567 | S11: =TEXT(calc!Y2*100,"+0.00;-0.00")&" to "&TEXT(calc!Z2*100,"+0.00;-0.00") -> -0.16 to -0.01
K12: =calc!AD3 | L12: =calc!AE3 -> mobile | N12: =calc!T3 -> 141352 | O12: =calc!U3 -> 0.014177373 | P12: =TEXT(calc!V3,"0.00%")&" – "&TEXT(calc!W3,"0.00%") -> 1.36% – 1.48% | R12: =calc!X3*100 -> 0.092587915 | S12: =TEXT(calc!Y3*100,"+0.00;-0.00")&" to "&TEXT(calc!Z3*100,"+0.00;-0.00") -> +0.01 to +0.17
K13: =calc!AD4 | L13: =calc!AE4 -> tablet | N13: =calc!T4 -> 7886 | O13: =calc!U4 -> 0.012807507 | P13: =TEXT(calc!V4,"0.00%")&" – "&TEXT(calc!W4,"0.00%") -> 1.06% – 1.55% | R13: =calc!X4*100 -> -0.083045153 | S13: =TEXT(calc!Y4*100,"+0.00;-0.00")&" to "&TEXT(calc!Z4*100,"+0.00;-0.00") -> -0.31 to +0.19
K14: =calc!AD5 -> Continent | L14: =calc!AE5 -> americas | N14: =calc!T5 -> 196608 | O14: =calc!U5 -> 0.013809204 | P14: =TEXT(calc!V5,"0.00%")&" – "&TEXT(calc!W5,"0.00%") -> 1.33% – 1.43% | R14: =calc!X5*100 -> 0.042420939 | S14: =TEXT(calc!Y5*100,"+0.00;-0.00")&" to "&TEXT(calc!Z5*100,"+0.00;-0.00") -> -0.03 to +0.12
K15: =calc!AD6 | L15: =calc!AE6 -> asia | N15: =calc!T6 -> 84481 | O15: =calc!U6 -> 0.013316604 | P15: =TEXT(calc!V6,"0.00%")&" – "&TEXT(calc!W6,"0.00%") -> 1.26% – 1.41% | R15: =calc!X6*100 -> -0.039733631 | S15: =TEXT(calc!Y6*100,"+0.00;-0.00")&" to "&TEXT(calc!Z6*100,"+0.00;-0.00") -> -0.13 to +0.05
K16: =calc!AD7 | L16: =calc!AE7 -> europe | N16: =calc!T7 -> 66291 | O16: =calc!U7 -> 0.013546334 | P16: =TEXT(calc!V7,"0.00%")&" – "&TEXT(calc!W7,"0.00%") -> 1.27% – 1.45% | R16: =calc!X7*100 -> -0.0089982911 | S16: =TEXT(calc!Y7*100,"+0.00;-0.00")&" to "&TEXT(calc!Z7*100,"+0.00;-0.00") -> -0.10 to +0.09
K17: =calc!AD8 | L17: =calc!AE8 -> oceania | N17: =calc!T8 -> 3745 | O17: =calc!U8 -> 0.013618158 | P17: =TEXT(calc!V8,"0.00%")&" – "&TEXT(calc!W8,"0.00%") -> 1.04% – 1.79% | R17: =calc!X8*100 -> -0.00013986842 | S17: =TEXT(calc!Y8*100,"+0.00;-0.00")&" to "&TEXT(calc!Z8*100,"+0.00;-0.00") -> -0.33 to +0.43
K18: =calc!AD9 | L18: =calc!AE9 -> africa | N18: =calc!T9 -> 3664 | O18: =calc!U9 -> 0.011735808 | P18: =TEXT(calc!V9,"0.00%")&" – "&TEXT(calc!W9,"0.00%") -> 0.87% – 1.58% | R18: =calc!X9*100 -> -0.19033456 | S18: =TEXT(calc!Y9*100,"+0.00;-0.00")&" to "&TEXT(calc!Z9*100,"+0.00;-0.00") -> -0.49 to +0.21
K19: =calc!AD10 | L19: =calc!AE10 -> unknown | N19: =calc!T10 -> 803 | O19: =calc!U10 -> 0.01369863 | P19: =TEXT(calc!V10,"0.00%")&" – "&TEXT(calc!W10,"0.00%") -> 0.77% – 2.44% | R19: =calc!X10*100 -> 0.0079267643 | S19: =TEXT(calc!Y10*100,"+0.00;-0.00")&" to "&TEXT(calc!Z10*100,"+0.00;-0.00") -> -0.60 to +1.07
K20: =calc!AD11 -> Channel | L20: =calc!AE11 -> organic | N20: =calc!T11 -> 121780 | O20: =calc!U11 -> 0.011151256 | P20: =TEXT(calc!V11,"0.00%")&" – "&TEXT(calc!W11,"0.00%") -> 1.06% – 1.18% | R20: =calc!X11*100 -> -0.37538811 | S20: =TEXT(calc!Y11*100,"+0.00;-0.00")&" to "&TEXT(calc!Z11*100,"+0.00;-0.00") -> -0.45 to -0.30
K21: =calc!AD12 | L21: =calc!AE12 -> direct | N21: =calc!T12 -> 82493 | O21: =calc!U12 -> 0.013055653 | P21: =TEXT(calc!V12,"0.00%")&" – "&TEXT(calc!W12,"0.00%") -> 1.23% – 1.39% | R21: =calc!X12*100 -> -0.073421787 | S21: =TEXT(calc!Y12*100,"+0.00;-0.00")&" to "&TEXT(calc!Z12*100,"+0.00;-0.00") -> -0.16 to +0.02
K22: =calc!AD13 | L22: =calc!AE13 -> referral | N22: =calc!T13 -> 62331 | O22: =calc!U13 -> 0.01684555 | P22: =TEXT(calc!V13,"0.00%")&" – "&TEXT(calc!W13,"0.00%") -> 1.59% – 1.79% | R22: =calc!X13*100 -> 0.39116792 | S22: =TEXT(calc!Y13*100,"+0.00;-0.00")&" to "&TEXT(calc!Z13*100,"+0.00;-0.00") -> +0.28 to +0.50
... K25: =calc!AD16 | L25: =calc!AE16 -> unknown | N25: =calc!T16 -> 21651 | O25: =calc!U16 -> 0.031961572 | P25: =TEXT(calc!V16,"0.00%")&" – "&TEXT(calc!W16,"0.00%") -> 2.97% – 3.44% | R25: =calc!X16*100 -> 1.9531233 | S25: =TEXT(calc!Y16*100,"+0.00;-0.00")&" to "&TEXT(calc!Z16*100,"+0.00;-0.00") -> +1.72 to +2.20
B36: Base: 355,592 30-minute sessions. Gap = segment's rate minus all other sessions' rate (percentage points), 95% Newcombe interval. Channel = the session's first-event medium. Association, not cause. Source: dbt model rpt_funnel.

Sheet 3 Time & Products
B2: Conversion peaked at 2.0% in early December and fell to 0.6% in the first week of January.
B3: 355,592 sessions · 1 Nov 2020 – 31 Jan 2021 · Google Merchandise Store, obfuscated GA4 sample
B36: Base: 30-minute sessions by ISO week (Mon start); the one-day week of 26 Oct is left out. Intervals: 95% Wilson. Source: dbt models rpt_funnel_weekly, rpt_product_funnel.

Sheet d_product
A1: item_category | B1: category_sort | C1: sessions_viewed | D1: sessions_viewed_and_carted | E1: sessions_viewed_and_purchased | F1: sessions_purchased | G1: units_purchased | H1: item_revenue_in_usd | I1: view_to_cart_rate | J1: view_to_cart_rate_lower | K1: view_to_cart_rate_upper | L1: view_to_purchase_rate | M1: view_to_purchase_rate_lower | N1: view_to_purchase_rate_upper | O1: is_thin_cell | P1: reach_err_minus | Q1: v2p_err_minus | R1: v2p_err_plus
A2: home/black lives matter/ | B2: 34 | C2: 26 | D2: 3 | E2: 1 | F2: 2 | G2: 2 | H2: 104 | I2: 0.11538462 | J2: 0.040032446 | K2: 0.28975903 | L2: 0.038461538 | M2: 0.0068219849 | N2: 0.18892779 | O2: 1 | Q2: =tProduct[[#This Row],[view_to_purchase_rate]]-tProduct[[#This Row],[view_to_purchase_rate_lower]] -> 0.031639554 | R2: =tProduct[[#This Row],[view_to_purchase_rate_upper]]-tProduct[[#This Row],[view_to_purchase_rate]] -> 0.15046625
A3: home/stationery/notebooks/ | B3: 16 | C3: 5666 | D3: 1526 | E3: 306 | F3: 332 | G3: 791 | H3: 8253 | I3: 0.2693258 | J3: 0.25793418 | K3: 0.28103 | L3: 0.054006354 | M3: 0.04841736 | N3: 0.060199691 | O3: 0 | Q3: =tProduct[[#This Row],[view_to_purchase_rate]]-tProduct[[#This Row],[view_to_purchase_rate_lower]] -> 0.0055889937 | R3: =tProduct[[#This Row],[view_to_purchase_rate_upper]]-tProduct[[#This Row],[view_to_purchase_rate]] -> 0.0061933373
A4: home/shop by brand/youtube/ | B4: 4 | C4: 18021 | D4: 4834 | E4: 237 | F4: 252 | G4: 619 | H4: 6151 | I4: 0.26824261 | J4: 0.26182396 | K4: 0.27476003 | L4: 0.013151323 | M4: 0.011588732 | N4: 0.01492143 | O4: 0 | Q4: =tProduct[[#This Row],[view_to_purchase_rate]]-tProduct[[#This Row],[view_to_purchase_rate_lower]] -> 0.0015625915 | R4: =tProduct[[#This Row],[view_to_purchase_rate_upper]]-tProduct[[#This Row],[view_to_purchase_rate]] -> 0.0017701061
A5: campus collection | B5: 29 | C5: 206 | D5: 71 | E5: 7 | F5: 8 | G5: 9 | H5: 134 | I5: 0.34466019 | J5: 0.28313806 | K5: 0.41186978 | L5: 0.033980583 | M5: 0.016555878 | N5: 0.06846764 | O5: 0 | Q5: =tProduct[[#This Row],[view_to_purchase_rate]]-tProduct[[#This Row],[view_to_purchase_rate_lower]] -> 0.017424705 | R5: =tProduct[[#This Row],[view_to_purchase_rate_upper]]-tProduct[[#This Row],[view_to_purchase_rate]] -> 0.034487057
A6: home/new/ | B6: 5 | C6: 17171 | D6: 3693 | E6: 297 | F6: 319 | G6: 486 | H6: 8519 | I6: 0.21507192 | J6: 0.20899051 | K6: 0.22128079 | L6: 0.017296605 | M6: 0.015451768 | N6: 0.019357372 | O6: 0 | Q6: =tProduct[[#This Row],[view_to_purchase_rate]]-tProduct[[#This Row],[view_to_purchase_rate_lower]] -> 0.0018448365 | R6: =tProduct[[#This Row],[view_to_purchase_rate_upper]]-tProduct[[#This Row],[view_to_purchase_rate]] -> 0.0020607669
A7: home/apparel/kids/ | B7: 15 | C7: 5994 | D7: 1321 | E7: 377 | F7: 391 | G7: 666 | H7: 13447 | I7: 0.22038705 | J7: 0.21007442 | K7: 0.23105785 | L7: 0.06289623 | M7: 0.05702573 | N7: 0.069326636 | O7: 0 | Q7: =tProduct[[#This Row],[view_to_purchase_rate]]-tProduct[[#This Row],[view_to_purchase_rate_lower]] -> 0.0058704997 | R7: =tProduct[[#This Row],[view_to_purchase_rate_upper]]-tProduct[[#This Row],[view_to_purchase_rate]] -> 0.0064304066
A8: accessories/ | B8: 27 | C8: 309 | D8: 88 | E8: 31 | F8: 41 | G8: 61 | H8: 288 | I8: 0.28478964 | J8: 0.23735156 | K8: 0.33751297 | L8: 0.10032362 | M8: 0.071580256 | N8: 0.13888245 | O8: 0 | Q8: =tProduct[[#This Row],[view_to_purchase_rate]]-tProduct[[#This Row],[view_to_purchase_rate_lower]] -> 0.028743368 | R8: =tProduct[[#This Row],[view_to_purchase_rate_upper]]-tProduct[[#This Row],[view_to_purchase_rate]] -> 0.038558822
A9: home/apparel/ | B9: 9 | C9: 10314 | D9: 2362 | E9: 302 | F9: 326 | G9: 530 | H9: 7749 | I9: 0.22900911 | J9: 0.22100155 | K9: 0.23721847 | L9: 0.029280589 | M9: 0.026198079 | N9: 0.032713609 | O9: 0 | Q9: =tProduct[[#This Row],[view_to_purchase_rate]]-tProduct[[#This Row],[view_to_purchase_rate_lower]] -> 0.0030825105 | R9: =tProduct[[#This Row],[view_to_purchase_rate_upper]]-tProduct[[#This Row],[view_to_purchase_rate]] -> 0.0034330197
A10: home/apparel/hats/ | B10: 2 | C10: 22236 | D10: 5615 | E10: 580 | F10: 621 | G10: 1100 | H10: 15148 | I10: 0.25251844 | J10: 0.24685112 | K10: 0.25827125 | L10: 0.026083828 | M10: 0.024069355 | N10: 0.028262019 | O10: 0 | Q10: =tProduct[[#This Row],[view_to_purchase_rate]]-tProduct[[#This Row],[view_to_purchase_rate_lower]] -> 0.0020144731 | R10: =tProduct[[#This Row],[view_to_purchase_rate_upper]]-tProduct[[#This Row],[view_to_purchase_rate]] -> 0.0021781909
A11: lifestyle/small goods/ | B11: 11 | C11: 9646 | D11: 2066 | E11: 305 | F11: 342 | G11: 675 | H11: 6492 | I11: 0.21418204 | J11: 0.20610962 | K11: 0.22248203 | L11: 0.031619324 | M11: 0.028309503 | N11: 0.035302056 | O11: 0 | Q11: =tProduct[[#This Row],[view_to_purchase_rate]]-tProduct[[#This Row],[view_to_purchase_rate_lower]] -> 0.0033098214 | R11: =tProduct[[#This Row],[view_to_purchase_rate_upper]]-tProduct[[#This Row],[view_to_purchase_rate]] -> 0.0036827322
A12: bags | B12: 24 | C12: 2233 | D12: 225 | E12: 72 | F12: 82 | G12: 140 | H12: 6834 | I12: 0.10076131 | J12: 0.088953853 | K12: 0.11394003 | L12: 0.032243618 | M12: 0.02568257 | N12: 0.040411277 | O12: 0 | Q12: =tProduct[[#This Row],[view_to_purchase_rate]]-tProduct[[#This Row],[view_to_purchase_rate_lower]] -> 0.006561048 | R12: =tProduct[[#This Row],[view_to_purchase_rate_upper]]-tProduct[[#This Row],[view_to_purchase_rate]] -> 0.0081676588
A13: home/stationery/stickers/ | B13: 22 | C13: 2512 | D13: 797 | E13: 117 | F13: 131 | G13: 304 | H13: 456 | I13: 0.31727707 | J13: 0.29936748 | K13: 0.33574467 | L13: 0.046576433 | M13: 0.039005305 | N13: 0.055532234 | O13: 0 | Q13: =tProduct[[#This Row],[view_to_purchase_rate]]-tProduct[[#This Row],[view_to_purchase_rate_lower]] -> 0.0075711284 | R13: =tProduct[[#This Row],[view_to_purchase_rate_upper]]-tProduct[[#This Row],[view_to_purchase_rate]] -> 0.0089558007
... A36: small goods | B36: 19 | C36: 3730 | D36: 568 | E36: 310 | F36: 361 | G36: 570 | H36: 9638 | I36: 0.15227882 | J36: 0.14110666 | K36: 0.16416646 | L36: 0.08310992 | M36: 0.074674123 | N36: 0.092403528 | O36: 0 | Q36: =tProduct[[#This Row],[view_to_purchase_rate]]-tProduct[[#This Row],[view_to_purchase_rate_lower]] -> 0.0084357966 | R36: =tProduct[[#This Row],[view_to_purchase_rate_upper]]-tProduct[[#This Row],[view_to_purchase_rate]] -> 0.0092936081

Sheet d_weekly
A1: week_start | B1: week_label | C1: week_sort | D1: days_in_week | E1: is_partial_week | F1: sessions | G1: sessions_with_view_item | H1: sessions_with_add_to_cart | I1: sessions_with_begin_checkout | J1: sessions_with_purchase | K1: session_conversion_rate | L1: session_conversion_rate_lower | M1: session_conversion_rate_upper | N1: cr_err_minus | O1: cr_err_plus
A2: 44200 | B2: 04 Jan | C2: 11 | D2: 7 | E2: 0 | F2: 28756 | G2: 4413 | H2: 954 | I2: 344 | J2: 162 | K2: 0.0056336069 | L2: 0.0048321124 | M2: 0.0065671667 | N2: =tWeekly[[#This Row],[session_conversion_rate]]-tWeekly[[#This Row],[session_conversion_rate_lower]] -> 0.0008014945 | O2: =tWeekly[[#This Row],[session_conversion_rate_upper]]-tWeekly[[#This Row],[session_conversion_rate]] -> 0.00093355978
A3: 44137 | B3: 02 Nov | C3: 2 | D3: 7 | E3: 0 | F3: 24630 | G3: 5496 | H3: 0 | I3: 883 | J3: 249 | K3: 0.010109622 | L3: 0.0089344515 | M3: 0.011437583 | N3: =tWeekly[[#This Row],[session_conversion_rate]]-tWeekly[[#This Row],[session_conversion_rate_lower]] -> 0.0011751709 | O3: =tWeekly[[#This Row],[session_conversion_rate_upper]]-tWeekly[[#This Row],[session_conversion_rate]] -> 0.0013279602
A4: 44179 | B4: 14 Dec | C4: 8 | D4: 7 | E4: 0 | F4: 32973 | G4: 7029 | H4: 2082 | I4: 1010 | J4: 547 | K4: 0.016589331 | L4: 0.015265934 | M4: 0.018025352 | N4: =tWeekly[[#This Row],[session_conversion_rate]]-tWeekly[[#This Row],[session_conversion_rate_lower]] -> 0.0013233967 | O4: =tWeekly[[#This Row],[session_conversion_rate_upper]]-tWeekly[[#This Row],[session_conversion_rate]] -> 0.0014360213
A5: 44130 | B5: 26 Oct | C5: 1 | D5: 1 | E5: 1 | F5: 2592 | G5: 535 | H5: 1 | I5: 94 | J5: 13 | K5: 0.0050154321 | L5: 0.0029334322 | M5: 0.0085624389 | N5: =tWeekly[[#This Row],[session_conversion_rate]]-tWeekly[[#This Row],[session_conversion_rate_lower]] -> 0.0020819999 | O5: =tWeekly[[#This Row],[session_conversion_rate_upper]]-tWeekly[[#This Row],[session_conversion_rate]] -> 0.0035470068
A6: 44151 | B6: 16 Nov | C6: 4 | D6: 7 | E6: 0 | F6: 25488 | G6: 6577 | H6: 531 | I6: 1043 | J6: 373 | K6: 0.014634338 | L6: 0.013231546 | M6: 0.016183412 | N6: =tWeekly[[#This Row],[session_conversion_rate]]-tWeekly[[#This Row],[session_conversion_rate_lower]] -> 0.0014027916 | O6: =tWeekly[[#This Row],[session_conversion_rate_upper]]-tWeekly[[#This Row],[session_conversion_rate]] -> 0.0015490746
A7: 44207 | B7: 11 Jan | C7: 12 | D7: 7 | E7: 0 | F7: 27384 | G7: 4812 | H7: 1082 | I7: 454 | J7: 227 | K7: 0.0082895121 | L7: 0.0072824609 | M7: 0.0094344995 | N7: =tWeekly[[#This Row],[session_conversion_rate]]-tWeekly[[#This Row],[session_conversion_rate_lower]] -> 0.0010070513 | O7: =tWeekly[[#This Row],[session_conversion_rate_upper]]-tWeekly[[#This Row],[session_conversion_rate]] -> 0.0011449873
A8: 44165 | B8: 30 Nov | C8: 6 | D8: 7 | E8: 0 | F8: 30633 | G8: 7724 | H8: 2600 | I8: 1413 | J8: 590 | K8: 0.019260275 | L8: 0.017780389 | M8: 0.020860718 | N8: =tWeekly[[#This Row],[session_conversion_rate]]-tWeekly[[#This Row],[session_conversion_rate_lower]] -> 0.001479886 | O8: =tWeekly[[#This Row],[session_conversion_rate_upper]]-tWeekly[[#This Row],[session_conversion_rate]] -> 0.0016004429
A9: 44221 | B9: 25 Jan | C9: 14 | D9: 7 | E9: 0 | F9: 26065 | G9: 6165 | H9: 1082 | I9: 578 | J9: 311 | K9: 0.011931709 | L9: 0.010683619 | M9: 0.013323641 | N9: =tWeekly[[#This Row],[session_conversion_rate]]-tWeekly[[#This Row],[session_conversion_rate_lower]] -> 0.0012480903 | O9: =tWeekly[[#This Row],[session_conversion_rate_upper]]-tWeekly[[#This Row],[session_conversion_rate]] -> 0.0013919321
A10: 44144 | B10: 09 Nov | C10: 3 | D10: 7 | E10: 0 | F10: 22177 | G10: 5526 | H10: 0 | I10: 1039 | J10: 341 | K10: 0.015376291 | L10: 0.013838775 | M10: 0.017081668 | N10: =tWeekly[[#This Row],[session_conversion_rate]]-tWeekly[[#This Row],[session_conversion_rate_lower]] -> 0.0015375154 | O10: =tWeekly[[#This Row],[session_conversion_rate_upper]]-tWeekly[[#This Row],[session_conversion_rate]] -> 0.0017053776
A11: 44172 | B11: 07 Dec | C11: 7 | D11: 7 | E11: 0 | F11: 38220 | G11: 8164 | H11: 2701 | I11: 1572 | J11: 770 | K11: 0.02014652 | L11: 0.018785404 | M11: 0.021604085 | N11: =tWeekly[[#This Row],[session_conversion_rate]]-tWeekly[[#This Row],[session_conversion_rate_lower]] -> 0.0013611157 | O11: =tWeekly[[#This Row],[session_conversion_rate_upper]]-tWeekly[[#This Row],[session_conversion_rate]] -> 0.0014575653
A12: 44214 | B12: 18 Jan | C12: 13 | D12: 7 | E12: 0 | F12: 27142 | G12: 6441 | H12: 1199 | I12: 681 | J12: 375 | K12: 0.013816226 | L12: 0.012494746 | M12: 0.015275307 | N12: =tWeekly[[#This Row],[session_conversion_rate]]-tWeekly[[#This Row],[session_conversion_rate_lower]] -> 0.00132148 | O12: =tWeekly[[#This Row],[session_conversion_rate_upper]]-tWeekly[[#This Row],[session_conversion_rate]] -> 0.0014590815
A13: 44158 | B13: 23 Nov | C13: 5 | D13: 7 | E13: 0 | F13: 27376 | G13: 6468 | H13: 1240 | I13: 1276 | J13: 514 | K13: 0.01877557 | L13: 0.017233939 | M13: 0.020452235 | N13: =tWeekly[[#This Row],[session_conversion_rate]]-tWeekly[[#This Row],[session_conversion_rate_lower]] -> 0.001541631 | O13: =tWeekly[[#This Row],[session_conversion_rate_upper]]-tWeekly[[#This Row],[session_conversion_rate]] -> 0.001676665
... A15: 44193 | B15: 28 Dec | C15: 10 | D15: 7 | E15: 0 | F15: 20268 | G15: 3096 | H15: 653 | I15: 261 | J15: 138 | K15: 0.0068087626 | L15: 0.005766355 | M15: 0.008038087 | N15: =tWeekly[[#This Row],[session_conversion_rate]]-tWeekly[[#This Row],[session_conversion_rate_lower]] -> 0.0010424076 | O15: =tWeekly[[#This Row],[session_conversion_rate_upper]]-tWeekly[[#This Row],[session_conversion_rate]] -> 0.0012293244

Sheet d_funnel
A1: segment_type | B1: segment_type_sort | C1: segment_value | D1: segment_sort | E1: step | F1: step_sort | G1: segment_sessions | H1: sessions_reached | I1: prev_step_sessions | J1: reached_from_prev | K1: reach_rate | L1: reach_rate_lower | M1: reach_rate_upper | N1: step_conversion | O1: step_conversion_lower | P1: step_conversion_upper | Q1: skipped_prev_share | R1: gap_vs_rest | S1: gap_vs_rest_lower | T1: gap_vs_rest_upper | U1: is_thin_segment | V1: is_thin_step | W1: reach_err_minus | X1: reach_err_plus | Y1: conv_err_minus | Z1: conv_err_plus | AA1: gap_err_minus | AB1: gap_err_plus
A2: channel | B2: 4 | C2: cpc | D2: 6 | E2: purchase | F2: 7 | G2: 15548 | H2: 152 | I2: 214 | J2: 152 | K2: 0.009776177 | L2: 0.0083461812 | M2: 0.011448353 | N2: 0.71028037 | O2: 0.64621868 | P2: 0.76692582 | Q2: 0 | R2: -0.0040190966 | S2: -0.0055033298 | T2: -0.0023028159 | U2: 0 | V2: 0 | W2: =tFunnel[[#This Row],[reach_rate]] -tFunnel[[#This Row],[reach_rate_lower]] -> 0.0014299958 | X2: =tFunnel[[#This Row],[reach_rate_upper]]-tFunnel[[#This Row],[reach_rate]] -> 0.0016721761 | Y2: =tFunnel[[#This Row],[step_conversion]]-tFunnel[[#This Row],[step_conversion_lower]] -> 0.064061693 | Z2: =tFunnel[[#This Row],[step_conversion_upper]]-tFunnel[[#This Row],[step_conversion]] -> 0.056645442 | AA2: =tFunnel[[#This Row],[gap_vs_rest]]-tFunnel[[#This Row],[gap_vs_rest_lower]] -> 0.0014842332 | AB2: =tFunnel[[#This Row],[gap_vs_rest_upper]]-tFunnel[[#This Row],[gap_vs_rest]] -> 0.0017162806
A3: channel | B3: 4 | C3: unknown | D3: 99 | E3: purchase | F3: 7 | G3: 21651 | H3: 692 | I3: 956 | J3: 691 | K3: 0.031961572 | L3: 0.029700352 | M3: 0.034388848 | N3: 0.72280335 | O3: 0.69358027 | P3: 0.75024302 | Q3: 0.0014450867 | R3: 0.019531233 | S3: 0.017238067 | T3: 0.021986579 | U3: 0 | V3: 0 | W3: =tFunnel[[#This Row],[reach_rate]] -tFunnel[[#This Row],[reach_rate_lower]] -> 0.0022612202 | X3: =tFunnel[[#This Row],[reach_rate_upper]]-tFunnel[[#This Row],[reach_rate]] -> 0.0024272754 | Y3: =tFunnel[[#This Row],[step_conversion]]-tFunnel[[#This Row],[step_conversion_lower]] -> 0.029223072 | Z3: =tFunnel[[#This Row],[step_conversion_upper]]-tFunnel[[#This Row],[step_conversion]] -> 0.027439674 | AA3: =tFunnel[[#This Row],[gap_vs_rest]]-tFunnel[[#This Row],[gap_vs_rest_lower]] -> 0.0022931654 | AB3: =tFunnel[[#This Row],[gap_vs_rest_upper]]-tFunnel[[#This Row],[gap_vs_rest]] -> 0.0024553463
A4: channel | B4: 4 | C4: other | D4: 4 | E4: purchase | F4: 7 | G4: 51789 | H4: 514 | I4: 727 | J4: 514 | K4: 0.0099248875 | L4: 0.0091067533 | M4: 0.010815719 | N4: 0.70701513 | O4: 0.67291215 | P4: 0.73894188 | Q4: 0 | R4: -0.004324478 | S4: -0.005247627 | T4: -0.003341581 | U4: 0 | V4: 0 | W4: =tFunnel[[#This Row],[reach_rate]] -tFunnel[[#This Row],[reach_rate_lower]] -> 0.00081813421 | X4: =tFunnel[[#This Row],[reach_rate_upper]]-tFunnel[[#This Row],[reach_rate]] -> 0.00089083165 | Y4: =tFunnel[[#This Row],[step_conversion]]-tFunnel[[#This Row],[step_conversion_lower]] -> 0.034102976 | Z4: =tFunnel[[#This Row],[step_conversion_upper]]-tFunnel[[#This Row],[step_conversion]] -> 0.031926744 | AA4: =tFunnel[[#This Row],[gap_vs_rest]]-tFunnel[[#This Row],[gap_vs_rest_lower]] -> 0.00092314895 | AB4: =tFunnel[[#This Row],[gap_vs_rest_upper]]-tFunnel[[#This Row],[gap_vs_rest]] -> 0.00098289697
A5: channel | B5: 4 | C5: referral | D5: 3 | E5: purchase | F5: 7 | G5: 62331 | H5: 1050 | I5: 1455 | J5: 1050 | K5: 0.01684555 | L5: 0.01586462 | M5: 0.017886031 | N5: 0.72164948 | O5: 0.69805973 | P5: 0.74407193 | Q5: 0 | R5: 0.0039116792 | S5: 0.0028464309 | T5: 0.0050273365 | U5: 0 | V5: 0 | W5: =tFunnel[[#This Row],[reach_rate]] -tFunnel[[#This Row],[reach_rate_lower]] -> 0.00098093065 | X5: =tFunnel[[#This Row],[reach_rate_upper]]-tFunnel[[#This Row],[reach_rate]] -> 0.0010404806 | Y5: =tFunnel[[#This Row],[step_conversion]]-tFunnel[[#This Row],[step_conversion_lower]] -> 0.023589754 | Z5: =tFunnel[[#This Row],[step_conversion_upper]]-tFunnel[[#This Row],[step_conversion]] -> 0.022422448 | AA5: =tFunnel[[#This Row],[gap_vs_rest]]-tFunnel[[#This Row],[gap_vs_rest_lower]] -> 0.0010652482 | AB5: =tFunnel[[#This Row],[gap_vs_rest_upper]]-tFunnel[[#This Row],[gap_vs_rest]] -> 0.0011156573
A6: channel | B6: 4 | C6: direct | D6: 2 | E6: purchase | F6: 7 | G6: 82493 | H6: 1077 | I6: 1491 | J6: 1076 | K6: 0.013055653 | L6: 0.0123034 | M6: 0.013853255 | N6: 0.72166331 | O6: 0.69836682 | P6: 0.74382055 | Q6: 0.00092850511 | R6: -0.00073421787 | S6: -0.0016078622 | T6: 0.00017218858 | U6: 0 | V6: 0 | W6: =tFunnel[[#This Row],[reach_rate]] -tFunnel[[#This Row],[reach_rate_lower]] -> 0.00075225295 | X6: =tFunnel[[#This Row],[reach_rate_upper]]-tFunnel[[#This Row],[reach_rate]] -> 0.000797602 | Y6: =tFunnel[[#This Row],[step_conversion]]-tFunnel[[#This Row],[step_conversion_lower]] -> 0.023296497 | Z6: =tFunnel[[#This Row],[step_conversion_upper]]-tFunnel[[#This Row],[step_conversion]] -> 0.022157232 | AA6: =tFunnel[[#This Row],[gap_vs_rest]]-tFunnel[[#This Row],[gap_vs_rest_lower]] -> 0.00087364432 | AB6: =tFunnel[[#This Row],[gap_vs_rest_upper]]-tFunnel[[#This Row],[gap_vs_rest]] -> 0.00090640644
A7: channel | B7: 4 | C7: organic | D7: 1 | E7: purchase | F7: 7 | G7: 121780 | H7: 1358 | I7: 1943 | J7: 1357 | K7: 0.011151256 | L7: 0.010576708 | M7: 0.011756644 | N7: 0.69840453 | O7: 0.6776225 | P7: 0.71840359 | Q7: 0.00073637703 | R7: -0.0037538811 | S7: -0.0045149956 | T7: -0.0029792686 | U7: 0 | V7: 0 | W7: =tFunnel[[#This Row],[reach_rate]] -tFunnel[[#This Row],[reach_rate_lower]] -> 0.00057454816 | X7: =tFunnel[[#This Row],[reach_rate_upper]]-tFunnel[[#This Row],[reach_rate]] -> 0.00060538792 | Y7: =tFunnel[[#This Row],[step_conversion]]-tFunnel[[#This Row],[step_conversion_lower]] -> 0.02078203 | Z7: =tFunnel[[#This Row],[step_conversion_upper]]-tFunnel[[#This Row],[step_conversion]] -> 0.019999056 | AA7: =tFunnel[[#This Row],[gap_vs_rest]]-tFunnel[[#This Row],[gap_vs_rest_lower]] -> 0.00076111448 | AB7: =tFunnel[[#This Row],[gap_vs_rest_upper]]-tFunnel[[#This Row],[gap_vs_rest]] -> 0.00077461246
A8: continent | B8: 3 | C8: unknown | D8: 99 | E8: purchase | F8: 7 | G8: 803 | H8: 11 | I8: 21 | J8: 11 | K8: 0.01369863 | L8: 0.0076660303 | M8: 0.024361896 | N8: 0.52380952 | O8: 0.32369534 | P8: 0.71655994 | Q8: 0 | R8: 7.9267643e-05 | S8: -0.0059657126 | T8: 0.010749166 | U8: 0 | V8: 1 | W8: =tFunnel[[#This Row],[reach_rate]] -tFunnel[[#This Row],[reach_rate_lower]] -> 0.0060325998 | X8: =tFunnel[[#This Row],[reach_rate_upper]]-tFunnel[[#This Row],[reach_rate]] -> 0.010663266 | Y8: =tFunnel[[#This Row],[step_conversion]]-tFunnel[[#This Row],[step_conversion_lower]] -> 0.20011418 | Z8: =tFunnel[[#This Row],[step_conversion_upper]]-tFunnel[[#This Row],[step_conversion]] -> 0.19275042 | AA8: =tFunnel[[#This Row],[gap_vs_rest]]-tFunnel[[#This Row],[gap_vs_rest_lower]] -> 0.0060449803 | AB8: =tFunnel[[#This Row],[gap_vs_rest_upper]]-tFunnel[[#This Row],[gap_vs_rest]] -> 0.010669898
A9: continent | B9: 3 | C9: africa | D9: 5 | E9: purchase | F9: 7 | G9: 3664 | H9: 43 | I9: 69 | J9: 43 | K9: 0.011735808 | L9: 0.0087246026 | M9: 0.015769765 | N9: 0.62318841 | O9: 0.50521886 | P9: 0.72816471 | Q9: 0 | R9: -0.0019033456 | S9: -0.0049395155 | T9: 0.0021482771 | U9: 0 | V9: 1 | W9: =tFunnel[[#This Row],[reach_rate]] -tFunnel[[#This Row],[reach_rate_lower]] -> 0.0030112052 | X9: =tFunnel[[#This Row],[reach_rate_upper]]-tFunnel[[#This Row],[reach_rate]] -> 0.0040339576 | Y9: =tFunnel[[#This Row],[step_conversion]]-tFunnel[[#This Row],[step_conversion_lower]] -> 0.11796954 | Z9: =tFunnel[[#This Row],[step_conversion_upper]]-tFunnel[[#This Row],[step_conversion]] -> 0.1049763 | AA9: =tFunnel[[#This Row],[gap_vs_rest]]-tFunnel[[#This Row],[gap_vs_rest_lower]] -> 0.0030361699 | AB9: =tFunnel[[#This Row],[gap_vs_rest_upper]]-tFunnel[[#This Row],[gap_vs_rest]] -> 0.0040516227
A10: continent | B10: 3 | C10: oceania | D10: 4 | E10: purchase | F10: 7 | G10: 3745 | H10: 51 | I10: 77 | J10: 51 | K10: 0.013618158 | L10: 0.010373166 | M10: 0.017859946 | N10: 0.66233766 | O10: 0.55124648 | P10: 0.75800078 | Q10: 0 | R10: -1.3986842e-06 | S10: -0.0032695428 | T10: 0.0042571721 | U10: 0 | V10: 1 | W10: =tFunnel[[#This Row],[reach_rate]] -tFunnel[[#This Row],[reach_rate_lower]] -> 0.0032449916 | X10: =tFunnel[[#This Row],[reach_rate_upper]]-tFunnel[[#This Row],[reach_rate]] -> 0.004241788 | Y10: =tFunnel[[#This Row],[step_conversion]]-tFunnel[[#This Row],[step_conversion_lower]] -> 0.11109118 | Z10: =tFunnel[[#This Row],[step_conversion_upper]]-tFunnel[[#This Row],[step_conversion]] -> 0.09566312 | AA10: =tFunnel[[#This Row],[gap_vs_rest]]-tFunnel[[#This Row],[gap_vs_rest_lower]] -> 0.0032681441 | AB10: =tFunnel[[#This Row],[gap_vs_rest_upper]]-tFunnel[[#This Row],[gap_vs_rest]] -> 0.0042585708
A11: continent | B11: 3 | C11: europe | D11: 3 | E11: purchase | F11: 7 | G11: 66291 | H11: 898 | I11: 1264 | J11: 897 | K11: 0.013546334 | L11: 0.012694121 | M11: 0.014454921 | N11: 0.7096519 | O11: 0.68402254 | P11: 0.7340108 | Q11: 0.0011135857 | R11: -8.9982911e-05 | S11: -0.001044135 | T11: 0.0009093936 | U11: 0 | V11: 0 | W11: =tFunnel[[#This Row],[reach_rate]] -tFunnel[[#This Row],[reach_rate_lower]] -> 0.00085221267 | X11: =tFunnel[[#This Row],[reach_rate_upper]]-tFunnel[[#This Row],[reach_rate]] -> 0.00090858785 | Y11: =tFunnel[[#This Row],[step_conversion]]-tFunnel[[#This Row],[step_conversion_lower]] -> 0.025629363 | Z11: =tFunnel[[#This Row],[step_conversion_upper]]-tFunnel[[#This Row],[step_conversion]] -> 0.024358906 | AA11: =tFunnel[[#This Row],[gap_vs_rest]]-tFunnel[[#This Row],[gap_vs_rest_lower]] -> 0.00095415204 | AB11: =tFunnel[[#This Row],[gap_vs_rest_upper]]-tFunnel[[#This Row],[gap_vs_rest]] -> 0.00099937651
A12: continent | B12: 3 | C12: asia | D12: 2 | E12: purchase | F12: 7 | G12: 84481 | H12: 1125 | I12: 1574 | J12: 1125 | K12: 0.013316604 | L12: 0.012565479 | M12: 0.014111987 | N12: 0.71473952 | O12: 0.69193078 | P12: 0.73650263 | Q12: 0 | R12: -0.00039733631 | S12: -0.0012702435 | T12: 0.00050728825 | U12: 0 | V12: 0 | W12: =tFunnel[[#This Row],[reach_rate]] -tFunnel[[#This Row],[reach_rate_lower]] -> 0.00075112505 | X12: =tFunnel[[#This Row],[reach_rate_upper]]-tFunnel[[#This Row],[reach_rate]] -> 0.00079538326 | Y12: =tFunnel[[#This Row],[step_conversion]]-tFunnel[[#This Row],[step_conversion_lower]] -> 0.022808736 | Z12: =tFunnel[[#This Row],[step_conversion_upper]]-tFunnel[[#This Row],[step_conversion]] -> 0.021763113 | AA12: =tFunnel[[#This Row],[gap_vs_rest]]-tFunnel[[#This Row],[gap_vs_rest_lower]] -> 0.0008729072 | AB12: =tFunnel[[#This Row],[gap_vs_rest_upper]]-tFunnel[[#This Row],[gap_vs_rest]] -> 0.00090462456
A13: continent | B13: 3 | C13: americas | D13: 1 | E13: purchase | F13: 7 | G13: 196608 | H13: 2715 | I13: 3781 | J13: 2713 | K13: 0.013809204 | L13: 0.013302784 | M13: 0.014334623 | N13: 0.71753504 | O13: 0.70296995 | P13: 0.73165856 | Q13: 0.00073664825 | R13: 0.00042420939 | S13: -0.0003433207 | T13: 0.0011871866 | U13: 0 | V13: 0 | W13: =tFunnel[[#This Row],[reach_rate]] -tFunnel[[#This Row],[reach_rate_lower]] -> 0.00050641986 | X13: =tFunnel[[#This Row],[reach_rate_upper]]-tFunnel[[#This Row],[reach_rate]] -> 0.00052541853 | Y13: =tFunnel[[#This Row],[step_conversion]]-tFunnel[[#This Row],[step_conversion_lower]] -> 0.014565095 | Z13: =tFunnel[[#This Row],[step_conversion_upper]]-tFunnel[[#This Row],[step_conversion]] -> 0.014123517 | AA13: =tFunnel[[#This Row],[gap_vs_rest]]-tFunnel[[#This Row],[gap_vs_rest_lower]] -> 0.00076753009 | AB13: =tFunnel[[#This Row],[gap_vs_rest_upper]]-tFunnel[[#This Row],[gap_vs_rest]] -> 0.00076297719
... A16: device_category | B16: 2 | C16: desktop | D16: 1 | E16: purchase | F16: 7 | G16: 206354 | H16: 2738 | I16: 3836 | J16: 2737 | K16: 0.013268461 | L16: 0.012783757 | M16: 0.013771287 | N16: 0.71350365 | O16: 0.69898803 | P16: 0.72759208 | Q16: 0.00036523009 | R16: -0.00083652567 | S16: -0.001616371 | T16: -6.443934e-05 | U16: 0 | V16: 0 | W16: =tFunnel[[#This Row],[reach_rate]] -tFunnel[[#This Row],[reach_rate_lower]] -> 0.00048470449 | X16: =tFunnel[[#This Row],[reach_rate_upper]]-tFunnel[[#This Row],[reach_rate]] -> 0.00050282601 | Y16: =tFunnel[[#This Row],[step_conversion]]-tFunnel[[#This Row],[step_conversion_lower]] -> 0.014515619 | Z16: =tFunnel[[#This Row],[step_conversion_upper]]-tFunnel[[#This Row],[step_conversion]] -> 0.014088431 | AA16: =tFunnel[[#This Row],[gap_vs_rest]]-tFunnel[[#This Row],[gap_vs_rest_lower]] -> 0.0007798453 | AB16: =tFunnel[[#This Row],[gap_vs_rest_upper]]-tFunnel[[#This Row],[gap_vs_rest]] -> 0.00077208633
A17: overall | B17: 1 | C17: all sessions | D17: 0 | E17: purchase | F17: 7 | G17: 355592 | H17: 4843 | I17: 6786 | J17: 4840 | K17: 0.013619541 | L17: 0.013243805 | M17: 0.014005787 | N17: 0.71323313 | O17: 0.70235463 | P17: 0.72387035 | Q17: 0.00061945075 | U17: 0 | V17: 0 | W17: =tFunnel[[#This Row],[reach_rate]] -tFunnel[[#This Row],[reach_rate_lower]] -> 0.00037573653 | X17: =tFunnel[[#This Row],[reach_rate_upper]]-tFunnel[[#This Row],[reach_rate]] -> 0.00038624515 | Y17: =tFunnel[[#This Row],[step_conversion]]-tFunnel[[#This Row],[step_conversion_lower]] -> 0.010878499 | Z17: =tFunnel[[#This Row],[step_conversion_upper]]-tFunnel[[#This Row],[step_conversion]] -> 0.010637219 | AA17: =tFunnel[[#This Row],[gap_vs_rest]]-tFunnel[[#This Row],[gap_vs_rest_lower]] -> 0 | AB17: =tFunnel[[#This Row],[gap_vs_rest_upper]]-tFunnel[[#This Row],[gap_vs_rest]] -> 0
A18: channel | B18: 4 | C18: cpc | D18: 6 | E18: add_payment_info | F18: 6 | G18: 15548 | H18: 214 | I18: 388 | J18: 213 | K18: 0.013763828 | L18: 0.012048877 | M18: 0.01571899 | N18: 0.54896907 | O18: 0.49921808 | P18: 0.59775991 | Q18: 0.0046728972 | R18: -0.0055630825 | S18: -0.0073407934 | T18: -0.0035551473 | U18: 0 | V18: 0 | W18: =tFunnel[[#This Row],[reach_rate]] -tFunnel[[#This Row],[reach_rate_lower]] -> 0.0017149515 | X18: =tFunnel[[#This Row],[reach_rate_upper]]-tFunnel[[#This Row],[reach_rate]] -> 0.0019551618 | Y18: =tFunnel[[#This Row],[step_conversion]]-tFunnel[[#This Row],[step_conversion_lower]] -> 0.049750987 | Z18: =tFunnel[[#This Row],[step_conversion_upper]]-tFunnel[[#This Row],[step_conversion]] -> 0.048790841 | AA18: =tFunnel[[#This Row],[gap_vs_rest]]-tFunnel[[#This Row],[gap_vs_rest_lower]] -> 0.0017777109 | AB18: =tFunnel[[#This Row],[gap_vs_rest_upper]]-tFunnel[[#This Row],[gap_vs_rest]] -> 0.0020079352
A19: channel | B19: 4 | C19: unknown | D19: 99 | E19: add_payment_info | F19: 6 | G19: 21651 | H19: 956 | I19: 1191 | J19: 956 | K19: 0.044155004 | L19: 0.041498434 | M19: 0.046973304 | N19: 0.80268682 | O19: 0.77912724 | P19: 0.8243001 | Q19: 0 | R19: 0.026696831 | S19: 0.024002451 | T19: 0.029549069 | U19: 0 | V19: 0 | W19: =tFunnel[[#This Row],[reach_rate]] -tFunnel[[#This Row],[reach_rate_lower]] -> 0.0026565707 | X19: =tFunnel[[#This Row],[reach_rate_upper]]-tFunnel[[#This Row],[reach_rate]] -> 0.0028182999 | Y19: =tFunnel[[#This Row],[step_conversion]]-tFunnel[[#This Row],[step_conversion_lower]] -> 0.023559577 | Z19: =tFunnel[[#This Row],[step_conversion_upper]]-tFunnel[[#This Row],[step_conversion]] -> 0.021613279 | AA19: =tFunnel[[#This Row],[gap_vs_rest]]-tFunnel[[#This Row],[gap_vs_rest_lower]] -> 0.0026943796 | AB19: =tFunnel[[#This Row],[gap_vs_rest_upper]]-tFunnel[[#This Row],[gap_vs_rest]] -> 0.0028522384
A20: channel | B20: 4 | C20: other | D20: 4 | E20: add_payment_info | F20: 6 | G20: 51789 | H20: 727 | I20: 1384 | J20: 727 | K20: 0.01403773 | L20: 0.013059941 | M20: 0.015087607 | N20: 0.52528902 | O20: 0.498947 | P20: 0.55149104 | Q20: 0 | R20: -0.0059061152 | S20: -0.0070058107 | T20: -0.0047470518 | U20: 0 | V20: 0 | W20: =tFunnel[[#This Row],[reach_rate]] -tFunnel[[#This Row],[reach_rate_lower]] -> 0.00097778939 | X20: =tFunnel[[#This Row],[reach_rate_upper]]-tFunnel[[#This Row],[reach_rate]] -> 0.0010498767 | Y20: =tFunnel[[#This Row],[step_conversion]]-tFunnel[[#This Row],[step_conversion_lower]] -> 0.026342021 | Z20: =tFunnel[[#This Row],[step_conversion_upper]]-tFunnel[[#This Row],[step_conversion]] -> 0.026202024 | AA20: =tFunnel[[#This Row],[gap_vs_rest]]-tFunnel[[#This Row],[gap_vs_rest_lower]] -> 0.0010996956 | AB20: =tFunnel[[#This Row],[gap_vs_rest_upper]]-tFunnel[[#This Row],[gap_vs_rest]] -> 0.0011590634
A21: channel | B21: 4 | C21: referral | D21: 3 | E21: add_payment_info | F21: 6 | G21: 62331 | H21: 1455 | I21: 2184 | J21: 1455 | K21: 0.02334312 | L21: 0.022186817 | M21: 0.024558171 | N21: 0.66620879 | O21: 0.64615499 | P21: 0.68567892 | Q21: 0 | R21: 0.0051647735 | S21: 0.0039089839 | T21: 0.0064701911 | U21: 0 | V21: 0 | W21: =tFunnel[[#This Row],[reach_rate]] -tFunnel[[#This Row],[reach_rate_lower]] -> 0.0011563026 | X21: =tFunnel[[#This Row],[reach_rate_upper]]-tFunnel[[#This Row],[reach_rate]] -> 0.0012150517 | Y21: =tFunnel[[#This Row],[step_conversion]]-tFunnel[[#This Row],[step_conversion_lower]] -> 0.020053799 | Z21: =tFunnel[[#This Row],[step_conversion_upper]]-tFunnel[[#This Row],[step_conversion]] -> 0.019470133 | AA21: =tFunnel[[#This Row],[gap_vs_rest]]-tFunnel[[#This Row],[gap_vs_rest_lower]] -> 0.0012557896 | AB21: =tFunnel[[#This Row],[gap_vs_rest_upper]]-tFunnel[[#This Row],[gap_vs_rest]] -> 0.0013054175
A22: channel | B22: 4 | C22: direct | D22: 2 | E22: add_payment_info | F22: 6 | G22: 82493 | H22: 1491 | I22: 2499 | J22: 1489 | K22: 0.018074261 | L22: 0.017187351 | M22: 0.019006052 | N22: 0.59583834 | O22: 0.57646537 | P22: 0.61491711 | Q22: 0.0013413816 | R22: -0.0013143125 | S22: -0.0023444214 | T22: -0.00025187874 | U22: 0 | V22: 0 | W22: =tFunnel[[#This Row],[reach_rate]] -tFunnel[[#This Row],[reach_rate_lower]] -> 0.00088690967 | X22: =tFunnel[[#This Row],[reach_rate_upper]]-tFunnel[[#This Row],[reach_rate]] -> 0.00093179134 | Y22: =tFunnel[[#This Row],[step_conversion]]-tFunnel[[#This Row],[step_conversion_lower]] -> 0.019372963 | Z22: =tFunnel[[#This Row],[step_conversion_upper]]-tFunnel[[#This Row],[step_conversion]] -> 0.01907877 | AA22: =tFunnel[[#This Row],[gap_vs_rest]]-tFunnel[[#This Row],[gap_vs_rest_lower]] -> 0.0010301089 | AB22: =tFunnel[[#This Row],[gap_vs_rest_upper]]-tFunnel[[#This Row],[gap_vs_rest]] -> 0.0010624338
A23: channel | B23: 4 | C23: organic | D23: 1 | E23: add_payment_info | F23: 6 | G23: 121780 | H23: 1943 | I23: 3416 | J23: 1943 | K23: 0.015955001 | L23: 0.015266369 | M23: 0.01667417 | N23: 0.56879391 | O23: 0.5521181 | P23: 0.58531517 | Q23: 0 | R23: -0.0047582218 | S23: -0.0056619298 | T23: -0.0038408925 | U23: 0 | V23: 0 | W23: =tFunnel[[#This Row],[reach_rate]] -tFunnel[[#This Row],[reach_rate_lower]] -> 0.00068863226 | X23: =tFunnel[[#This Row],[reach_rate_upper]]-tFunnel[[#This Row],[reach_rate]] -> 0.00071916897 | Y23: =tFunnel[[#This Row],[step_conversion]]-tFunnel[[#This Row],[step_conversion_lower]] -> 0.016675809 | Z23: =tFunnel[[#This Row],[step_conversion_upper]]-tFunnel[[#This Row],[step_conversion]] -> 0.016521259 | AA23: =tFunnel[[#This Row],[gap_vs_rest]]-tFunnel[[#This Row],[gap_vs_rest_lower]] -> 0.00090370803 | AB23: =tFunnel[[#This Row],[gap_vs_rest_upper]]-tFunnel[[#This Row],[gap_vs_rest]] -> 0.0009173293
A24: continent | B24: 3 | C24: unknown | D24: 99 | E24: add_payment_info | F24: 6 | G24: 803 | H24: 21 | I24: 29 | J24: 21 | K24: 0.02615193 | L24: 0.017167614 | M24: 0.03964833 | N24: 0.72413793 | O24: 0.54282867 | P24: 0.85301245 | Q24: 0 | R24: 0.0070842591 | S24: -0.001911584 | T24: 0.020587987 | U24: 0 | V24: 1 | W24: =tFunnel[[#This Row],[reach_rate]] -tFunnel[[#This Row],[reach_rate_lower]] -> 0.0089843161 | X24: =tFunnel[[#This Row],[reach_rate_upper]]-tFunnel[[#This Row],[reach_rate]] -> 0.013496399 | Y24: =tFunnel[[#This Row],[step_conversion]]-tFunnel[[#This Row],[step_conversion_lower]] -> 0.18130926 | Z24: =tFunnel[[#This Row],[step_conversion_upper]]-tFunnel[[#This Row],[step_conversion]] -> 0.12887452 | AA24: =tFunnel[[#This Row],[gap_vs_rest]]-tFunnel[[#This Row],[gap_vs_rest_lower]] -> 0.0089958431 | AB24: =tFunnel[[#This Row],[gap_vs_rest_upper]]-tFunnel[[#This Row],[gap_vs_rest]] -> 0.013503728
A25: continent | B25: 3 | C25: africa | D25: 5 | E25: add_payment_info | F25: 6 | G25: 3664 | H25: 69 | I25: 113 | J25: 69 | K25: 0.018831878 | L25: 0.014907976 | M25: 0.023763668 | N25: 0.61061947 | O25: 0.5184936 | P25: 0.69547155 | Q25: 0 | R25: -0.00025441265 | S25: -0.0042048762 | T25: 0.0046975788 | U25: 0 | V25: 0 | W25: =tFunnel[[#This Row],[reach_rate]] -tFunnel[[#This Row],[reach_rate_lower]] -> 0.0039239016 | X25: =tFunnel[[#This Row],[reach_rate_upper]]-tFunnel[[#This Row],[reach_rate]] -> 0.0049317901 | Y25: =tFunnel[[#This Row],[step_conversion]]-tFunnel[[#This Row],[step_conversion_lower]] -> 0.092125871 | Z25: =tFunnel[[#This Row],[step_conversion_upper]]-tFunnel[[#This Row],[step_conversion]] -> 0.08485208 | AA25: =tFunnel[[#This Row],[gap_vs_rest]]-tFunnel[[#This Row],[gap_vs_rest_lower]] -> 0.0039504636 | AB25: =tFunnel[[#This Row],[gap_vs_rest_upper]]-tFunnel[[#This Row],[gap_vs_rest]] -> 0.0049519914
A26: continent | B26: 3 | C26: oceania | D26: 4 | E26: add_payment_info | F26: 6 | G26: 3745 | H26: 77 | I26: 119 | J26: 77 | K26: 0.020560748 | L26: 0.016482909 | M26: 0.025621155 | N26: 0.64705882 | O26: 0.55782685 | P26: 0.72709325 | Q26: 0 | R26: 0.0014928005 | S26: -0.0026105862 | T26: 0.0065728833 | U26: 0 | V26: 0 | W26: =tFunnel[[#This Row],[reach_rate]] -tFunnel[[#This Row],[reach_rate_lower]] -> 0.0040778389 | X26: =tFunnel[[#This Row],[reach_rate_upper]]-tFunnel[[#This Row],[reach_rate]] -> 0.0050604071 | Y26: =tFunnel[[#This Row],[step_conversion]]-tFunnel[[#This Row],[step_conversion_lower]] -> 0.089231975 | Z26: =tFunnel[[#This Row],[step_conversion_upper]]-tFunnel[[#This Row],[step_conversion]] -> 0.080034422 | AA26: =tFunnel[[#This Row],[gap_vs_rest]]-tFunnel[[#This Row],[gap_vs_rest_lower]] -> 0.0041033868 | AB26: =tFunnel[[#This Row],[gap_vs_rest_upper]]-tFunnel[[#This Row],[gap_vs_rest]] -> 0.0050800828
A27: continent | B27: 3 | C27: europe | D27: 3 | E27: add_payment_info | F27: 6 | G27: 66291 | H27: 1264 | I27: 2066 | J27: 1263 | K27: 0.019067445 | L27: 0.018053884 | M27: 0.020136742 | N27: 0.61132623 | O27: 0.59011912 | P27: 0.63212013 | Q27: 0.00079113924 | R27: -1.9941441e-05 | S27: -0.0011523572 | T27: 0.0011572235 | U27: 0 | V27: 0 | W27: =tFunnel[[#This Row],[reach_rate]] -tFunnel[[#This Row],[reach_rate_lower]] -> 0.0010135612 | X27: =tFunnel[[#This Row],[reach_rate_upper]]-tFunnel[[#This Row],[reach_rate]] -> 0.0010692965 | Y27: =tFunnel[[#This Row],[step_conversion]]-tFunnel[[#This Row],[step_conversion_lower]] -> 0.021207116 | Z27: =tFunnel[[#This Row],[step_conversion_upper]]-tFunnel[[#This Row],[step_conversion]] -> 0.020793891 | AA27: =tFunnel[[#This Row],[gap_vs_rest]]-tFunnel[[#This Row],[gap_vs_rest_lower]] -> 0.0011324158 | AB27: =tFunnel[[#This Row],[gap_vs_rest_upper]]-tFunnel[[#This Row],[gap_vs_rest]] -> 0.001177165
A28: continent | B28: 3 | C28: asia | D28: 2 | E28: add_payment_info | F28: 6 | G28: 84481 | H28: 1574 | I28: 2531 | J28: 1574 | K28: 0.018631408 | L28: 0.017741237 | M28: 0.019565354 | N28: 0.62188858 | O28: 0.6028257 | P28: 0.64058202 | Q28: 0 | R28: -0.0005931898 | S28: -0.001626001 | T28: 0.0004709832 | U28: 0 | V28: 0 | W28: =tFunnel[[#This Row],[reach_rate]] -tFunnel[[#This Row],[reach_rate_lower]] -> 0.00089017107 | X28: =tFunnel[[#This Row],[reach_rate_upper]]-tFunnel[[#This Row],[reach_rate]] -> 0.00093394597 | Y28: =tFunnel[[#This Row],[step_conversion]]-tFunnel[[#This Row],[step_conversion_lower]] -> 0.019062878 | Z28: =tFunnel[[#This Row],[step_conversion_upper]]-tFunnel[[#This Row],[step_conversion]] -> 0.018693443 | AA28: =tFunnel[[#This Row],[gap_vs_rest]]-tFunnel[[#This Row],[gap_vs_rest_lower]] -> 0.0010328112 | AB28: =tFunnel[[#This Row],[gap_vs_rest_upper]]-tFunnel[[#This Row],[gap_vs_rest]] -> 0.001064173
A29: continent | B29: 3 | C29: americas | D29: 1 | E29: add_payment_info | F29: 6 | G29: 196608 | H29: 3781 | I29: 6204 | J29: 3779 | K29: 0.01923116 | L29: 0.018633424 | M29: 0.019847683 | N29: 0.60912315 | O29: 0.59691734 | P29: 0.6211939 | Q29: 0.00052896059 | R29: 0.0003298874 | S29: -0.000576304 | T29: 0.0012314784 | U29: 0 | V29: 0 | W29: =tFunnel[[#This Row],[reach_rate]] -tFunnel[[#This Row],[reach_rate_lower]] -> 0.00059773608 | X29: =tFunnel[[#This Row],[reach_rate_upper]]-tFunnel[[#This Row],[reach_rate]] -> 0.00061652288 | Y29: =tFunnel[[#This Row],[step_conversion]]-tFunnel[[#This Row],[step_conversion_lower]] -> 0.012205803 | Z29: =tFunnel[[#This Row],[step_conversion_upper]]-tFunnel[[#This Row],[step_conversion]] -> 0.012070751 | AA29: =tFunnel[[#This Row],[gap_vs_rest]]-tFunnel[[#This Row],[gap_vs_rest_lower]] -> 0.0009061914 | AB29: =tFunnel[[#This Row],[gap_vs_rest_upper]]-tFunnel[[#This Row],[gap_vs_rest]] -> 0.00090159096
... A32: device_category | B32: 2 | C32: desktop | D32: 1 | E32: add_payment_info | F32: 6 | G32: 206354 | H32: 3836 | I32: 6320 | J32: 3834 | K32: 0.018589414 | L32: 0.018015539 | M32: 0.019181213 | N32: 0.60664557 | O32: 0.59454087 | P32: 0.6186207 | Q32: 0.00052137643 | R32: -0.0011776691 | S32: -0.002097367 | T32: -0.0002656312 | U32: 0 | V32: 0 | W32: =tFunnel[[#This Row],[reach_rate]] -tFunnel[[#This Row],[reach_rate_lower]] -> 0.00057387537 | X32: =tFunnel[[#This Row],[reach_rate_upper]]-tFunnel[[#This Row],[reach_rate]] -> 0.00059179879 | Y32: =tFunnel[[#This Row],[step_conversion]]-tFunnel[[#This Row],[step_conversion_lower]] -> 0.012104698 | Z32: =tFunnel[[#This Row],[step_conversion_upper]]-tFunnel[[#This Row],[step_conversion]] -> 0.011975133 | AA32: =tFunnel[[#This Row],[gap_vs_rest]]-tFunnel[[#This Row],[gap_vs_rest_lower]] -> 0.00091969791 | AB32: =tFunnel[[#This Row],[gap_vs_rest_upper]]-tFunnel[[#This Row],[gap_vs_rest]] -> 0.00091203794
A33: overall | B33: 1 | C33: all sessions | D33: 0 | E33: add_payment_info | F33: 6 | G33: 355592 | H33: 6786 | I33: 11062 | J33: 6783 | K33: 0.019083669 | L33: 0.018639141 | M33: 0.019538588 | N33: 0.61318026 | O33: 0.60406677 | P33: 0.62221517 | Q33: 0.00044208665 | U33: 0 | V33: 0 | W33: =tFunnel[[#This Row],[reach_rate]] -tFunnel[[#This Row],[reach_rate_lower]] -> 0.0004445283 | X33: =tFunnel[[#This Row],[reach_rate_upper]]-tFunnel[[#This Row],[reach_rate]] -> 0.00045491886 | Y33: =tFunnel[[#This Row],[step_conversion]]-tFunnel[[#This Row],[step_conversion_lower]] -> 0.0091134899 | Z33: =tFunnel[[#This Row],[step_conversion_upper]]-tFunnel[[#This Row],[step_conversion]] -> 0.0090349098 | AA33: =tFunnel[[#This Row],[gap_vs_rest]]-tFunnel[[#This Row],[gap_vs_rest_lower]] -> 0 | AB33: =tFunnel[[#This Row],[gap_vs_rest_upper]]-tFunnel[[#This Row],[gap_vs_rest]] -> 0
A34: channel | B34: 4 | C34: cpc | D34: 6 | E34: add_shipping_info | F34: 5 | G34: 15548 | H34: 388 | I34: 389 | J34: 388 | K34: 0.024954978 | L34: 0.022617921 | M34: 0.027526717 | N34: 0.99742931 | O34: 0.98558417 | P34: 0.99954607 | Q34: 0 | R34: -0.0064350773 | S34: -0.008845798 | T34: -0.0037985704 | U34: 0 | V34: 0 | W34: =tFunnel[[#This Row],[reach_rate]] -tFunnel[[#This Row],[reach_rate_lower]] -> 0.0023370573 | X34: =tFunnel[[#This Row],[reach_rate_upper]]-tFunnel[[#This Row],[reach_rate]] -> 0.0025717389 | Y34: =tFunnel[[#This Row],[step_conversion]]-tFunnel[[#This Row],[step_conversion_lower]] -> 0.011845133 | Z34: =tFunnel[[#This Row],[step_conversion_upper]]-tFunnel[[#This Row],[step_conversion]] -> 0.0021167592 | AA34: =tFunnel[[#This Row],[gap_vs_rest]]-tFunnel[[#This Row],[gap_vs_rest_lower]] -> 0.0024107208 | AB34: =tFunnel[[#This Row],[gap_vs_rest_upper]]-tFunnel[[#This Row],[gap_vs_rest]] -> 0.0026365069
A35: channel | B35: 4 | C35: unknown | D35: 99 | E35: add_shipping_info | F35: 5 | G35: 21651 | H35: 1191 | I35: 1191 | J35: 1191 | K35: 0.055009007 | L35: 0.052050224 | M35: 0.058125668 | N35: 1 | O35: 0.99678496 | P35: 1 | Q35: 0 | R35: 0.025449893 | S35: 0.022434823 | T35: 0.028618077 | U35: 0 | V35: 0 | W35: =tFunnel[[#This Row],[reach_rate]] -tFunnel[[#This Row],[reach_rate_lower]] -> 0.0029587828 | X35: =tFunnel[[#This Row],[reach_rate_upper]]-tFunnel[[#This Row],[reach_rate]] -> 0.003116661 | Y35: =tFunnel[[#This Row],[step_conversion]]-tFunnel[[#This Row],[step_conversion_lower]] -> 0.0032150365 | Z35: =tFunnel[[#This Row],[step_conversion_upper]]-tFunnel[[#This Row],[step_conversion]] -> 0 | AA35: =tFunnel[[#This Row],[gap_vs_rest]]-tFunnel[[#This Row],[gap_vs_rest_lower]] -> 0.00301507 | AB35: =tFunnel[[#This Row],[gap_vs_rest_upper]]-tFunnel[[#This Row],[gap_vs_rest]] -> 0.0031681845
A36: channel | B36: 4 | C36: other | D36: 4 | E36: add_shipping_info | F36: 5 | G36: 51789 | H36: 1384 | I36: 1384 | J36: 1384 | K36: 0.026723822 | L36: 0.02536955 | M36: 0.028148299 | N36: 1 | O36: 0.99723206 | P36: 1 | Q36: 0 | R36: -0.0051323483 | S36: -0.006626164 | T36: -0.003579357 | U36: 0 | V36: 0 | W36: =tFunnel[[#This Row],[reach_rate]] -tFunnel[[#This Row],[reach_rate_lower]] -> 0.0013542714 | X36: =tFunnel[[#This Row],[reach_rate_upper]]-tFunnel[[#This Row],[reach_rate]] -> 0.0014244769 | Y36: =tFunnel[[#This Row],[step_conversion]]-tFunnel[[#This Row],[step_conversion_lower]] -> 0.0027679378 | Z36: =tFunnel[[#This Row],[step_conversion_upper]]-tFunnel[[#This Row],[step_conversion]] -> 0 | AA36: =tFunnel[[#This Row],[gap_vs_rest]]-tFunnel[[#This Row],[gap_vs_rest_lower]] -> 0.0014938157 | AB36: =tFunnel[[#This Row],[gap_vs_rest_upper]]-tFunnel[[#This Row],[gap_vs_rest]] -> 0.0015529913
A37: channel | B37: 4 | C37: referral | D37: 3 | E37: add_shipping_info | F37: 5 | G37: 62331 | H37: 2184 | I37: 2183 | J37: 2183 | K37: 0.035038745 | L37: 0.033623631 | M37: 0.036511167 | N37: 1 | O37: 0.99824338 | P37: 1 | Q37: 0.00045787546 | R37: 0.0047653705 | S37: 0.0032178565 | T37: 0.0063606807 | U37: 0 | V37: 0 | W37: =tFunnel[[#This Row],[reach_rate]] -tFunnel[[#This Row],[reach_rate_lower]] -> 0.0014151142 | X37: =tFunnel[[#This Row],[reach_rate_upper]]-tFunnel[[#This Row],[reach_rate]] -> 0.0014724218 | Y37: =tFunnel[[#This Row],[step_conversion]]-tFunnel[[#This Row],[step_conversion_lower]] -> 0.0017566243 | Z37: =tFunnel[[#This Row],[step_conversion_upper]]-tFunnel[[#This Row],[step_conversion]] -> 0 | AA37: =tFunnel[[#This Row],[gap_vs_rest]]-tFunnel[[#This Row],[gap_vs_rest_lower]] -> 0.001547514 | AB37: =tFunnel[[#This Row],[gap_vs_rest_upper]]-tFunnel[[#This Row],[gap_vs_rest]] -> 0.0015953102
A38: channel | B38: 4 | C38: direct | D38: 2 | E38: add_shipping_info | F38: 5 | G38: 82493 | H38: 2499 | I38: 2500 | J38: 2499 | K38: 0.030293479 | L38: 0.029145582 | M38: 0.03148512 | N38: 0.9996 | O38: 0.99773761 | P38: 0.99992939 | Q38: 0 | R38: -0.0010614505 | S38: -0.0023856791 | T38: 0.0002945312 | U38: 0 | V38: 0 | W38: =tFunnel[[#This Row],[reach_rate]] -tFunnel[[#This Row],[reach_rate_lower]] -> 0.0011478971 | X38: =tFunnel[[#This Row],[reach_rate_upper]]-tFunnel[[#This Row],[reach_rate]] -> 0.0011916408 | Y38: =tFunnel[[#This Row],[step_conversion]]-tFunnel[[#This Row],[step_conversion_lower]] -> 0.0018623854 | Z38: =tFunnel[[#This Row],[step_conversion_upper]]-tFunnel[[#This Row],[step_conversion]] -> 0.00032938669 | AA38: =tFunnel[[#This Row],[gap_vs_rest]]-tFunnel[[#This Row],[gap_vs_rest_lower]] -> 0.0013242286 | AB38: =tFunnel[[#This Row],[gap_vs_rest_upper]]-tFunnel[[#This Row],[gap_vs_rest]] -> 0.0013559817
A39: channel | B39: 4 | C39: organic | D39: 1 | E39: add_shipping_info | F39: 5 | G39: 121780 | H39: 3416 | I39: 3416 | J39: 3416 | K39: 0.028050583 | L39: 0.027137995 | M39: 0.028992944 | N39: 1 | O39: 0.99887671 | P39: 1 | Q39: 0 | R39: -0.0046509036 | S39: -0.0058186798 | T39: -0.003469045 | U39: 0 | V39: 0 | W39: =tFunnel[[#This Row],[reach_rate]] -tFunnel[[#This Row],[reach_rate_lower]] -> 0.0009125877 | X39: =tFunnel[[#This Row],[reach_rate_upper]]-tFunnel[[#This Row],[reach_rate]] -> 0.00094236135 | Y39: =tFunnel[[#This Row],[step_conversion]]-tFunnel[[#This Row],[step_conversion_lower]] -> 0.0011232857 | Z39: =tFunnel[[#This Row],[step_conversion_upper]]-tFunnel[[#This Row],[step_conversion]] -> 0 | AA39: =tFunnel[[#This Row],[gap_vs_rest]]-tFunnel[[#This Row],[gap_vs_rest_lower]] -> 0.0011677762 | AB39: =tFunnel[[#This Row],[gap_vs_rest_upper]]-tFunnel[[#This Row],[gap_vs_rest]] -> 0.0011818587
A40: continent | B40: 3 | C40: unknown | D40: 99 | E40: add_shipping_info | F40: 5 | G40: 803 | H40: 29 | I40: 29 | J40: 29 | K40: 0.03611457 | L40: 0.025261266 | M40: 0.051385092 | N40: 1 | O40: 0.8830302 | P40: 1 | Q40: 0 | R40: 0.0050172139 | S40: -0.0058513785 | T40: 0.020298225 | U40: 0 | V40: 1 | W40: =tFunnel[[#This Row],[reach_rate]] -tFunnel[[#This Row],[reach_rate_lower]] -> 0.010853305 | X40: =tFunnel[[#This Row],[reach_rate_upper]]-tFunnel[[#This Row],[reach_rate]] -> 0.015270521 | Y40: =tFunnel[[#This Row],[step_conversion]]-tFunnel[[#This Row],[step_conversion_lower]] -> 0.1169698 | Z40: =tFunnel[[#This Row],[step_conversion_upper]]-tFunnel[[#This Row],[step_conversion]] -> 0 | AA40: =tFunnel[[#This Row],[gap_vs_rest]]-tFunnel[[#This Row],[gap_vs_rest_lower]] -> 0.010868592 | AB40: =tFunnel[[#This Row],[gap_vs_rest_upper]]-tFunnel[[#This Row],[gap_vs_rest]] -> 0.015281011
A41: continent | B41: 3 | C41: africa | D41: 5 | E41: add_shipping_info | F41: 5 | G41: 3664 | H41: 113 | I41: 113 | J41: 113 | K41: 0.030840611 | L41: 0.02571542 | M41: 0.036948537 | N41: 1 | O41: 0.96712247 | P41: 1 | Q41: 0 | R41: -0.00027086599 | S41: -0.0054286308 | T41: 0.0058634605 | U41: 0 | V41: 0 | W41: =tFunnel[[#This Row],[reach_rate]] -tFunnel[[#This Row],[reach_rate_lower]] -> 0.0051251914 | X41: =tFunnel[[#This Row],[reach_rate_upper]]-tFunnel[[#This Row],[reach_rate]] -> 0.0061079255 | Y41: =tFunnel[[#This Row],[step_conversion]]-tFunnel[[#This Row],[step_conversion_lower]] -> 0.032877533 | Z41: =tFunnel[[#This Row],[step_conversion_upper]]-tFunnel[[#This Row],[step_conversion]] -> 0 | AA41: =tFunnel[[#This Row],[gap_vs_rest]]-tFunnel[[#This Row],[gap_vs_rest_lower]] -> 0.0051577649 | AB41: =tFunnel[[#This Row],[gap_vs_rest_upper]]-tFunnel[[#This Row],[gap_vs_rest]] -> 0.0061343265
A42: continent | B42: 3 | C42: oceania | D42: 4 | E42: add_shipping_info | F42: 5 | G42: 3745 | H42: 119 | I42: 119 | J42: 119 | K42: 0.031775701 | L42: 0.02662022 | M42: 0.037890766 | N42: 1 | O42: 0.96872832 | P42: 1 | Q42: 0 | R42: 0.00067411417 | S42: -0.0045137475 | T42: 0.0068155472 | U42: 0 | V42: 0 | W42: =tFunnel[[#This Row],[reach_rate]] -tFunnel[[#This Row],[reach_rate_lower]] -> 0.0051554807 | X42: =tFunnel[[#This Row],[reach_rate_upper]]-tFunnel[[#This Row],[reach_rate]] -> 0.0061150648 | Y42: =tFunnel[[#This Row],[step_conversion]]-tFunnel[[#This Row],[step_conversion_lower]] -> 0.031271681 | Z42: =tFunnel[[#This Row],[step_conversion_upper]]-tFunnel[[#This Row],[step_conversion]] -> 0 | AA42: =tFunnel[[#This Row],[gap_vs_rest]]-tFunnel[[#This Row],[gap_vs_rest_lower]] -> 0.0051878617 | AB42: =tFunnel[[#This Row],[gap_vs_rest_upper]]-tFunnel[[#This Row],[gap_vs_rest]] -> 0.006141433
A43: continent | B43: 3 | C43: europe | D43: 3 | E43: add_shipping_info | F43: 5 | G43: 66291 | H43: 2066 | I43: 2066 | J43: 2066 | K43: 0.031165618 | L43: 0.029869777 | M43: 0.032515793 | N43: 1 | O43: 0.99814408 | P43: 1 | Q43: 0 | R43: 6.9977387e-05 | S43: -0.0013747423 | T43: 0.0015583417 | U43: 0 | V43: 0 | W43: =tFunnel[[#This Row],[reach_rate]] -tFunnel[[#This Row],[reach_rate_lower]] -> 0.0012958413 | X43: =tFunnel[[#This Row],[reach_rate_upper]]-tFunnel[[#This Row],[reach_rate]] -> 0.0013501746 | Y43: =tFunnel[[#This Row],[step_conversion]]-tFunnel[[#This Row],[step_conversion_lower]] -> 0.0018559194 | Z43: =tFunnel[[#This Row],[step_conversion_upper]]-tFunnel[[#This Row],[step_conversion]] -> 0 | AA43: =tFunnel[[#This Row],[gap_vs_rest]]-tFunnel[[#This Row],[gap_vs_rest_lower]] -> 0.0014447196 | AB43: =tFunnel[[#This Row],[gap_vs_rest_upper]]-tFunnel[[#This Row],[gap_vs_rest]] -> 0.0014883644
A44: continent | B44: 3 | C44: asia | D44: 2 | E44: add_shipping_info | F44: 5 | G44: 84481 | H44: 2531 | I44: 2531 | J44: 2531 | K44: 0.029959399 | L44: 0.028831043 | M44: 0.0311305 | N44: 1 | O44: 0.99848454 | P44: 1 | Q44: 0 | R44: -0.001507417 | S44: -0.0028165497 | T44: -0.00016776519 | U44: 0 | V44: 0 | W44: =tFunnel[[#This Row],[reach_rate]] -tFunnel[[#This Row],[reach_rate_lower]] -> 0.001128356 | X44: =tFunnel[[#This Row],[reach_rate_upper]]-tFunnel[[#This Row],[reach_rate]] -> 0.0011711008 | Y44: =tFunnel[[#This Row],[step_conversion]]-tFunnel[[#This Row],[step_conversion_lower]] -> 0.0015154632 | Z44: =tFunnel[[#This Row],[step_conversion_upper]]-tFunnel[[#This Row],[step_conversion]] -> 0 | AA44: =tFunnel[[#This Row],[gap_vs_rest]]-tFunnel[[#This Row],[gap_vs_rest_lower]] -> 0.0013091327 | AB44: =tFunnel[[#This Row],[gap_vs_rest_upper]]-tFunnel[[#This Row],[gap_vs_rest]] -> 0.0013396518
A45: continent | B45: 3 | C45: americas | D45: 1 | E45: add_shipping_info | F45: 5 | G45: 196608 | H45: 6204 | I45: 6205 | J45: 6203 | K45: 0.031555176 | L45: 0.030791565 | M45: 0.032337092 | N45: 0.99967768 | O45: 0.99882545 | P45: 0.9999116 | Q45: 0.00016118633 | R45: 0.00099864179 | S45: -0.00014952995 | T45: 0.0021424082 | U45: 0 | V45: 0 | W45: =tFunnel[[#This Row],[reach_rate]] -tFunnel[[#This Row],[reach_rate_lower]] -> 0.00076361065 | X45: =tFunnel[[#This Row],[reach_rate_upper]]-tFunnel[[#This Row],[reach_rate]] -> 0.00078191587 | Y45: =tFunnel[[#This Row],[step_conversion]]-tFunnel[[#This Row],[step_conversion_lower]] -> 0.00085223329 | Z45: =tFunnel[[#This Row],[step_conversion_upper]]-tFunnel[[#This Row],[step_conversion]] -> 0.0002339243 | AA45: =tFunnel[[#This Row],[gap_vs_rest]]-tFunnel[[#This Row],[gap_vs_rest_lower]] -> 0.0011481717 | AB45: =tFunnel[[#This Row],[gap_vs_rest_upper]]-tFunnel[[#This Row],[gap_vs_rest]] -> 0.0011437664
... A48: device_category | B48: 2 | C48: desktop | D48: 1 | E48: add_shipping_info | F48: 5 | G48: 206354 | H48: 6320 | I48: 6321 | J48: 6319 | K48: 0.030626981 | L48: 0.029892246 | M48: 0.031379191 | N48: 0.99968359 | O48: 0.99884699 | P48: 0.99991323 | Q48: 0.00015822785 | R48: -0.0011477682 | S48: -0.0023111542 | T48: 8.3235152e-06 | U48: 0 | V48: 0 | W48: =tFunnel[[#This Row],[reach_rate]] -tFunnel[[#This Row],[reach_rate_lower]] -> 0.0007347353 | X48: =tFunnel[[#This Row],[reach_rate_upper]]-tFunnel[[#This Row],[reach_rate]] -> 0.00075221055 | Y48: =tFunnel[[#This Row],[step_conversion]]-tFunnel[[#This Row],[step_conversion_lower]] -> 0.00083660766 | Z48: =tFunnel[[#This Row],[step_conversion_upper]]-tFunnel[[#This Row],[step_conversion]] -> 0.00022963151 | AA48: =tFunnel[[#This Row],[gap_vs_rest]]-tFunnel[[#This Row],[gap_vs_rest_lower]] -> 0.0011633859 | AB48: =tFunnel[[#This Row],[gap_vs_rest_upper]]-tFunnel[[#This Row],[gap_vs_rest]] -> 0.0011560918
A49: overall | B49: 1 | C49: all sessions | D49: 0 | E49: add_shipping_info | F49: 5 | G49: 355592 | H49: 11062 | I49: 11063 | J49: 11061 | K49: 0.031108686 | L49: 0.030543108 | M49: 0.031684396 | N49: 0.99981922 | O49: 0.99934102 | P49: 0.99995042 | Q49: 9.0399566e-05 | U49: 0 | V49: 0 | W49: =tFunnel[[#This Row],[reach_rate]] -tFunnel[[#This Row],[reach_rate_lower]] -> 0.0005655786 | X49: =tFunnel[[#This Row],[reach_rate_upper]]-tFunnel[[#This Row],[reach_rate]] -> 0.00057570935 | Y49: =tFunnel[[#This Row],[step_conversion]]-tFunnel[[#This Row],[step_conversion_lower]] -> 0.00047819302 | Z49: =tFunnel[[#This Row],[step_conversion_upper]]-tFunnel[[#This Row],[step_conversion]] -> 0.00013120423 | AA49: =tFunnel[[#This Row],[gap_vs_rest]]-tFunnel[[#This Row],[gap_vs_rest_lower]] -> 0 | AB49: =tFunnel[[#This Row],[gap_vs_rest_upper]]-tFunnel[[#This Row],[gap_vs_rest]] -> 0
A50: channel | B50: 4 | C50: cpc | D50: 6 | E50: begin_checkout | F50: 4 | G50: 15548 | H50: 389 | I50: 566 | J50: 208 | K50: 0.025019295 | L50: 0.02267915 | M50: 0.02759409 | N50: 0.36749117 | O50: 0.32878962 | P50: 0.40797926 | Q50: 0.46529563 | R50: -0.0063707603 | S50: -0.0087844747 | T50: -0.0037312723 | U50: 0 | V50: 0 | W50: =tFunnel[[#This Row],[reach_rate]] -tFunnel[[#This Row],[reach_rate_lower]] -> 0.0023401452 | X50: =tFunnel[[#This Row],[reach_rate_upper]]-tFunnel[[#This Row],[reach_rate]] -> 0.002574795 | Y50: =tFunnel[[#This Row],[step_conversion]]-tFunnel[[#This Row],[step_conversion_lower]] -> 0.038701541 | Z50: =tFunnel[[#This Row],[step_conversion_upper]]-tFunnel[[#This Row],[step_conversion]] -> 0.040488099 | AA50: =tFunnel[[#This Row],[gap_vs_rest]]-tFunnel[[#This Row],[gap_vs_rest_lower]] -> 0.0024137144 | AB50: =tFunnel[[#This Row],[gap_vs_rest_upper]]-tFunnel[[#This Row],[gap_vs_rest]] -> 0.002639488
A51: channel | B51: 4 | C51: unknown | D51: 99 | E51: begin_checkout | F51: 4 | G51: 21651 | H51: 1191 | I51: 1438 | J51: 649 | K51: 0.055009007 | L51: 0.052050224 | M51: 0.058125668 | N51: 0.45132128 | O51: 0.42576495 | P51: 0.47713699 | Q51: 0.45507976 | R51: 0.025446898 | S51: 0.022431823 | T51: 0.028615088 | U51: 0 | V51: 0 | W51: =tFunnel[[#This Row],[reach_rate]] -tFunnel[[#This Row],[reach_rate_lower]] -> 0.0029587828 | X51: =tFunnel[[#This Row],[reach_rate_upper]]-tFunnel[[#This Row],[reach_rate]] -> 0.003116661 | Y51: =tFunnel[[#This Row],[step_conversion]]-tFunnel[[#This Row],[step_conversion_lower]] -> 0.025556328 | Z51: =tFunnel[[#This Row],[step_conversion_upper]]-tFunnel[[#This Row],[step_conversion]] -> 0.025815715 | AA51: =tFunnel[[#This Row],[gap_vs_rest]]-tFunnel[[#This Row],[gap_vs_rest_lower]] -> 0.0030150754 | AB51: =tFunnel[[#This Row],[gap_vs_rest_upper]]-tFunnel[[#This Row],[gap_vs_rest]] -> 0.0031681895
A52: channel | B52: 4 | C52: other | D52: 4 | E52: begin_checkout | F52: 4 | G52: 51789 | H52: 1384 | I52: 1981 | J52: 760 | K52: 0.026723822 | L52: 0.02536955 | M52: 0.028148299 | N52: 0.38364462 | O52: 0.36247595 | P52: 0.40526369 | Q52: 0.45086705 | R52: -0.0051356399 | S52: -0.0066294687 | T52: -0.0035826362 | U52: 0 | V52: 0 | W52: =tFunnel[[#This Row],[reach_rate]] -tFunnel[[#This Row],[reach_rate_lower]] -> 0.0013542714 | X52: =tFunnel[[#This Row],[reach_rate_upper]]-tFunnel[[#This Row],[reach_rate]] -> 0.0014244769 | Y52: =tFunnel[[#This Row],[step_conversion]]-tFunnel[[#This Row],[step_conversion_lower]] -> 0.021168678 | Z52: =tFunnel[[#This Row],[step_conversion_upper]]-tFunnel[[#This Row],[step_conversion]] -> 0.021619066 | AA52: =tFunnel[[#This Row],[gap_vs_rest]]-tFunnel[[#This Row],[gap_vs_rest_lower]] -> 0.0014938288 | AB52: =tFunnel[[#This Row],[gap_vs_rest_upper]]-tFunnel[[#This Row],[gap_vs_rest]] -> 0.0015530037
A53: channel | B53: 4 | C53: referral | D53: 3 | E53: begin_checkout | F53: 4 | G53: 62331 | H53: 2183 | I53: 2896 | J53: 1163 | K53: 0.035022701 | L53: 0.033607907 | M53: 0.036494806 | N53: 0.4015884 | O53: 0.38387596 | P53: 0.41956157 | Q53: 0.46724691 | R53: 0.0047425073 | S53: 0.003195258 | T53: 0.0063375506 | U53: 0 | V53: 0 | W53: =tFunnel[[#This Row],[reach_rate]] -tFunnel[[#This Row],[reach_rate_lower]] -> 0.0014147948 | X53: =tFunnel[[#This Row],[reach_rate_upper]]-tFunnel[[#This Row],[reach_rate]] -> 0.0014721044 | Y53: =tFunnel[[#This Row],[step_conversion]]-tFunnel[[#This Row],[step_conversion_lower]] -> 0.017712438 | Z53: =tFunnel[[#This Row],[step_conversion_upper]]-tFunnel[[#This Row],[step_conversion]] -> 0.017973173 | AA53: =tFunnel[[#This Row],[gap_vs_rest]]-tFunnel[[#This Row],[gap_vs_rest_lower]] -> 0.0015472493 | AB53: =tFunnel[[#This Row],[gap_vs_rest_upper]]-tFunnel[[#This Row],[gap_vs_rest]] -> 0.0015950433
A54: channel | B54: 4 | C54: direct | D54: 2 | E54: begin_checkout | F54: 4 | G54: 82493 | H54: 2500 | I54: 3501 | J54: 1380 | K54: 0.030305602 | L54: 0.029157477 | M54: 0.031497469 | N54: 0.39417309 | O54: 0.37811041 | P54: 0.41046775 | Q54: 0.448 | R54: -0.0010493282 | S54: -0.0023737538 | T54: 0.00030685211 | U54: 0 | V54: 0 | W54: =tFunnel[[#This Row],[reach_rate]] -tFunnel[[#This Row],[reach_rate_lower]] -> 0.0011481243 | X54: =tFunnel[[#This Row],[reach_rate_upper]]-tFunnel[[#This Row],[reach_rate]] -> 0.0011918669 | Y54: =tFunnel[[#This Row],[step_conversion]]-tFunnel[[#This Row],[step_conversion_lower]] -> 0.01606268 | Z54: =tFunnel[[#This Row],[step_conversion_upper]]-tFunnel[[#This Row],[step_conversion]] -> 0.016294662 | AA54: =tFunnel[[#This Row],[gap_vs_rest]]-tFunnel[[#This Row],[gap_vs_rest_lower]] -> 0.0013244255 | AB54: =tFunnel[[#This Row],[gap_vs_rest_upper]]-tFunnel[[#This Row],[gap_vs_rest]] -> 0.0013561803
A55: channel | B55: 4 | C55: organic | D55: 1 | E55: begin_checkout | F55: 4 | G55: 121780 | H55: 3416 | I55: 4724 | J55: 1792 | K55: 0.028050583 | L55: 0.027137995 | M55: 0.028992944 | N55: 0.37933954 | O55: 0.3656061 | P55: 0.39326906 | Q55: 0.47540984 | R55: -0.0046551806 | S55: -0.0058229852 | T55: -0.0034732944 | U55: 0 | V55: 0 | W55: =tFunnel[[#This Row],[reach_rate]] -tFunnel[[#This Row],[reach_rate_lower]] -> 0.0009125877 | X55: =tFunnel[[#This Row],[reach_rate_upper]]-tFunnel[[#This Row],[reach_rate]] -> 0.00094236135 | Y55: =tFunnel[[#This Row],[step_conversion]]-tFunnel[[#This Row],[step_conversion_lower]] -> 0.013733441 | Z55: =tFunnel[[#This Row],[step_conversion_upper]]-tFunnel[[#This Row],[step_conversion]] -> 0.013929519 | AA55: =tFunnel[[#This Row],[gap_vs_rest]]-tFunnel[[#This Row],[gap_vs_rest_lower]] -> 0.0011678046 | AB55: =tFunnel[[#This Row],[gap_vs_rest_upper]]-tFunnel[[#This Row],[gap_vs_rest]] -> 0.0011818862
A56: continent | B56: 3 | C56: unknown | D56: 99 | E56: begin_checkout | F56: 4 | G56: 803 | H56: 29 | I56: 39 | J56: 16 | K56: 0.03611457 | L56: 0.025261266 | M56: 0.051385092 | N56: 0.41025641 | O56: 0.2707931 | P56: 0.56581377 | Q56: 0.44827586 | R56: 0.0050143953 | S56: -0.0058541984 | T56: 0.020295407 | U56: 0 | V56: 1 | W56: =tFunnel[[#This Row],[reach_rate]] -tFunnel[[#This Row],[reach_rate_lower]] -> 0.010853305 | X56: =tFunnel[[#This Row],[reach_rate_upper]]-tFunnel[[#This Row],[reach_rate]] -> 0.015270521 | Y56: =tFunnel[[#This Row],[step_conversion]]-tFunnel[[#This Row],[step_conversion_lower]] -> 0.13946331 | Z56: =tFunnel[[#This Row],[step_conversion_upper]]-tFunnel[[#This Row],[step_conversion]] -> 0.15555736 | AA56: =tFunnel[[#This Row],[gap_vs_rest]]-tFunnel[[#This Row],[gap_vs_rest_lower]] -> 0.010868594 | AB56: =tFunnel[[#This Row],[gap_vs_rest_upper]]-tFunnel[[#This Row],[gap_vs_rest]] -> 0.015281012
A57: continent | B57: 3 | C57: africa | D57: 5 | E57: begin_checkout | F57: 4 | G57: 3664 | H57: 113 | I57: 144 | J57: 54 | K57: 0.030840611 | L57: 0.02571542 | M57: 0.036948537 | N57: 0.375 | O57: 0.30014249 | P57: 0.45635342 | Q57: 0.52212389 | R57: -0.00027370748 | S57: -0.0054314752 | T57: 0.0058606214 | U57: 0 | V57: 0 | W57: =tFunnel[[#This Row],[reach_rate]] -tFunnel[[#This Row],[reach_rate_lower]] -> 0.0051251914 | X57: =tFunnel[[#This Row],[reach_rate_upper]]-tFunnel[[#This Row],[reach_rate]] -> 0.0061079255 | Y57: =tFunnel[[#This Row],[step_conversion]]-tFunnel[[#This Row],[step_conversion_lower]] -> 0.074857514 | Z57: =tFunnel[[#This Row],[step_conversion_upper]]-tFunnel[[#This Row],[step_conversion]] -> 0.081353424 | AA57: =tFunnel[[#This Row],[gap_vs_rest]]-tFunnel[[#This Row],[gap_vs_rest_lower]] -> 0.0051577677 | AB57: =tFunnel[[#This Row],[gap_vs_rest_upper]]-tFunnel[[#This Row],[gap_vs_rest]] -> 0.0061343289
A58: continent | B58: 3 | C58: oceania | D58: 4 | E58: begin_checkout | F58: 4 | G58: 3745 | H58: 119 | I58: 159 | J58: 62 | K58: 0.031775701 | L58: 0.02662022 | M58: 0.037890766 | N58: 0.38993711 | O58: 0.31757674 | P58: 0.46749028 | Q58: 0.4789916 | R58: 0.00067127202 | S58: -0.0045165925 | T58: 0.0068127074 | U58: 0 | V58: 0 | W58: =tFunnel[[#This Row],[reach_rate]] -tFunnel[[#This Row],[reach_rate_lower]] -> 0.0051554807 | X58: =tFunnel[[#This Row],[reach_rate_upper]]-tFunnel[[#This Row],[reach_rate]] -> 0.0061150648 | Y58: =tFunnel[[#This Row],[step_conversion]]-tFunnel[[#This Row],[step_conversion_lower]] -> 0.072360371 | Z58: =tFunnel[[#This Row],[step_conversion_upper]]-tFunnel[[#This Row],[step_conversion]] -> 0.077553177 | AA58: =tFunnel[[#This Row],[gap_vs_rest]]-tFunnel[[#This Row],[gap_vs_rest_lower]] -> 0.0051878645 | AB58: =tFunnel[[#This Row],[gap_vs_rest_upper]]-tFunnel[[#This Row],[gap_vs_rest]] -> 0.0061414353
A59: continent | B59: 3 | C59: europe | D59: 3 | E59: begin_checkout | F59: 4 | G59: 66291 | H59: 2066 | I59: 2782 | J59: 1110 | K59: 0.031165618 | L59: 0.029869777 | M59: 0.032515793 | N59: 0.39899353 | O59: 0.38094815 | P59: 0.41731747 | Q59: 0.46272991 | R59: 6.6520779e-05 | S59: -0.0013782139 | T59: 0.0015548995 | U59: 0 | V59: 0 | W59: =tFunnel[[#This Row],[reach_rate]] -tFunnel[[#This Row],[reach_rate_lower]] -> 0.0012958413 | X59: =tFunnel[[#This Row],[reach_rate_upper]]-tFunnel[[#This Row],[reach_rate]] -> 0.0013501746 | Y59: =tFunnel[[#This Row],[step_conversion]]-tFunnel[[#This Row],[step_conversion_lower]] -> 0.018045378 | Z59: =tFunnel[[#This Row],[step_conversion_upper]]-tFunnel[[#This Row],[step_conversion]] -> 0.018323938 | AA59: =tFunnel[[#This Row],[gap_vs_rest]]-tFunnel[[#This Row],[gap_vs_rest_lower]] -> 0.0014447347 | AB59: =tFunnel[[#This Row],[gap_vs_rest_upper]]-tFunnel[[#This Row],[gap_vs_rest]] -> 0.0014883787
A60: continent | B60: 3 | C60: asia | D60: 2 | E60: begin_checkout | F60: 4 | G60: 84481 | H60: 2531 | I60: 3463 | J60: 1303 | K60: 0.029959399 | L60: 0.028831043 | M60: 0.0311305 | N60: 0.37626336 | O60: 0.36027384 | P60: 0.39252708 | Q60: 0.48518372 | R60: -0.0015111055 | S60: -0.0028202571 | T60: -0.0001714356 | U60: 0 | V60: 0 | W60: =tFunnel[[#This Row],[reach_rate]] -tFunnel[[#This Row],[reach_rate_lower]] -> 0.001128356 | X60: =tFunnel[[#This Row],[reach_rate_upper]]-tFunnel[[#This Row],[reach_rate]] -> 0.0011711008 | Y60: =tFunnel[[#This Row],[step_conversion]]-tFunnel[[#This Row],[step_conversion_lower]] -> 0.015989514 | Z60: =tFunnel[[#This Row],[step_conversion_upper]]-tFunnel[[#This Row],[step_conversion]] -> 0.016263729 | AA60: =tFunnel[[#This Row],[gap_vs_rest]]-tFunnel[[#This Row],[gap_vs_rest_lower]] -> 0.0013091515 | AB60: =tFunnel[[#This Row],[gap_vs_rest_upper]]-tFunnel[[#This Row],[gap_vs_rest]] -> 0.00133967
A61: continent | B61: 3 | C61: americas | D61: 1 | E61: begin_checkout | F61: 4 | G61: 196608 | H61: 6205 | I61: 8519 | J61: 3407 | K61: 0.031560262 | L61: 0.030796591 | M61: 0.032342238 | N61: 0.39992957 | O61: 0.38957421 | P61: 0.41037514 | Q61: 0.45092667 | R61: 0.0010037281 | S61: -0.00014448382 | T61: 0.0021475356 | U61: 0 | V61: 0 | W61: =tFunnel[[#This Row],[reach_rate]] -tFunnel[[#This Row],[reach_rate_lower]] -> 0.00076367099 | X61: =tFunnel[[#This Row],[reach_rate_upper]]-tFunnel[[#This Row],[reach_rate]] -> 0.00078197601 | Y61: =tFunnel[[#This Row],[step_conversion]]-tFunnel[[#This Row],[step_conversion_lower]] -> 0.010355363 | Z61: =tFunnel[[#This Row],[step_conversion_upper]]-tFunnel[[#This Row],[step_conversion]] -> 0.010445571 | AA61: =tFunnel[[#This Row],[gap_vs_rest]]-tFunnel[[#This Row],[gap_vs_rest_lower]] -> 0.0011482119 | AB61: =tFunnel[[#This Row],[gap_vs_rest_upper]]-tFunnel[[#This Row],[gap_vs_rest]] -> 0.0011438076
... A64: device_category | B64: 2 | C64: desktop | D64: 1 | E64: begin_checkout | F64: 4 | G64: 206354 | H64: 6321 | I64: 8754 | J64: 3402 | K64: 0.030631827 | L64: 0.029897035 | M64: 0.031384094 | N64: 0.38862234 | O64: 0.37846243 | P64: 0.39887996 | Q64: 0.46179402 | R64: -0.0011429222 | S64: -0.0023063442 | T64: 1.3206553e-05 | U64: 0 | V64: 0 | W64: =tFunnel[[#This Row],[reach_rate]] -tFunnel[[#This Row],[reach_rate_lower]] -> 0.00073479234 | X64: =tFunnel[[#This Row],[reach_rate_upper]]-tFunnel[[#This Row],[reach_rate]] -> 0.00075226741 | Y64: =tFunnel[[#This Row],[step_conversion]]-tFunnel[[#This Row],[step_conversion_lower]] -> 0.010159911 | Z64: =tFunnel[[#This Row],[step_conversion_upper]]-tFunnel[[#This Row],[step_conversion]] -> 0.010257618 | AA64: =tFunnel[[#This Row],[gap_vs_rest]]-tFunnel[[#This Row],[gap_vs_rest_lower]] -> 0.001163422 | AB64: =tFunnel[[#This Row],[gap_vs_rest_upper]]-tFunnel[[#This Row],[gap_vs_rest]] -> 0.0011561288
A65: overall | B65: 1 | C65: all sessions | D65: 0 | E65: begin_checkout | F65: 4 | G65: 355592 | H65: 11063 | I65: 15106 | J65: 5952 | K65: 0.031111499 | L65: 0.030545895 | M65: 0.031687233 | N65: 0.39401562 | O65: 0.3862513 | P65: 0.40183384 | Q65: 0.46199042 | U65: 0 | V65: 0 | W65: =tFunnel[[#This Row],[reach_rate]] -tFunnel[[#This Row],[reach_rate_lower]] -> 0.00056560359 | X65: =tFunnel[[#This Row],[reach_rate_upper]]-tFunnel[[#This Row],[reach_rate]] -> 0.00057573428 | Y65: =tFunnel[[#This Row],[step_conversion]]-tFunnel[[#This Row],[step_conversion_lower]] -> 0.0077643235 | Z65: =tFunnel[[#This Row],[step_conversion_upper]]-tFunnel[[#This Row],[step_conversion]] -> 0.0078182135 | AA65: =tFunnel[[#This Row],[gap_vs_rest]]-tFunnel[[#This Row],[gap_vs_rest_lower]] -> 0 | AB65: =tFunnel[[#This Row],[gap_vs_rest_upper]]-tFunnel[[#This Row],[gap_vs_rest]] -> 0
A66: channel | B66: 4 | C66: cpc | D66: 6 | E66: add_to_cart | F66: 3 | G66: 15548 | H66: 566 | I66: 3166 | J66: 565 | K66: 0.036403396 | L66: 0.033572103 | M66: 0.039463715 | N66: 0.17845862 | O66: 0.16551313 | P66: 0.19218345 | Q66: 0.0017667845 | R66: -0.0063557764 | S66: -0.0092687967 | T66: -0.0032219339 | U66: 0 | V66: 0 | W66: =tFunnel[[#This Row],[reach_rate]] -tFunnel[[#This Row],[reach_rate_lower]] -> 0.0028312931 | X66: =tFunnel[[#This Row],[reach_rate_upper]]-tFunnel[[#This Row],[reach_rate]] -> 0.003060319 | Y66: =tFunnel[[#This Row],[step_conversion]]-tFunnel[[#This Row],[step_conversion_lower]] -> 0.012945494 | Z66: =tFunnel[[#This Row],[step_conversion_upper]]-tFunnel[[#This Row],[step_conversion]] -> 0.013724831 | AA66: =tFunnel[[#This Row],[gap_vs_rest]]-tFunnel[[#This Row],[gap_vs_rest_lower]] -> 0.0029130203 | AB66: =tFunnel[[#This Row],[gap_vs_rest_upper]]-tFunnel[[#This Row],[gap_vs_rest]] -> 0.0031338425
A67: channel | B67: 4 | C67: unknown | D67: 99 | E67: add_to_cart | F67: 3 | G67: 21651 | H67: 1438 | I67: 5623 | J67: 1438 | K67: 0.066417256 | L67: 0.063176722 | M67: 0.06981162 | N67: 0.25573537 | O67: 0.2445017 | P67: 0.26730256 | Q67: 0 | R67: 0.02548787 | S67: 0.022177317 | T67: 0.028947092 | U67: 0 | V67: 0 | W67: =tFunnel[[#This Row],[reach_rate]] -tFunnel[[#This Row],[reach_rate_lower]] -> 0.0032405334 | X67: =tFunnel[[#This Row],[reach_rate_upper]]-tFunnel[[#This Row],[reach_rate]] -> 0.0033943641 | Y67: =tFunnel[[#This Row],[step_conversion]]-tFunnel[[#This Row],[step_conversion_lower]] -> 0.011233672 | Z67: =tFunnel[[#This Row],[step_conversion_upper]]-tFunnel[[#This Row],[step_conversion]] -> 0.011567192 | AA67: =tFunnel[[#This Row],[gap_vs_rest]]-tFunnel[[#This Row],[gap_vs_rest_lower]] -> 0.003310553 | AB67: =tFunnel[[#This Row],[gap_vs_rest_upper]]-tFunnel[[#This Row],[gap_vs_rest]] -> 0.0034592221
A68: channel | B68: 4 | C68: other | D68: 4 | E68: add_to_cart | F68: 3 | G68: 51789 | H68: 1981 | I68: 10573 | J68: 1979 | K68: 0.038251366 | L68: 0.036633421 | M68: 0.039937807 | N68: 0.18717488 | O68: 0.17985414 | P68: 0.19472285 | Q68: 0.0010095911 | R68: -0.0049509722 | S68: -0.0067254676 | T68: -0.0031183605 | U68: 0 | V68: 0 | W68: =tFunnel[[#This Row],[reach_rate]] -tFunnel[[#This Row],[reach_rate_lower]] -> 0.0016179454 | X68: =tFunnel[[#This Row],[reach_rate_upper]]-tFunnel[[#This Row],[reach_rate]] -> 0.0016864409 | Y68: =tFunnel[[#This Row],[step_conversion]]-tFunnel[[#This Row],[step_conversion_lower]] -> 0.0073207361 | Z68: =tFunnel[[#This Row],[step_conversion_upper]]-tFunnel[[#This Row],[step_conversion]] -> 0.0075479693 | AA68: =tFunnel[[#This Row],[gap_vs_rest]]-tFunnel[[#This Row],[gap_vs_rest_lower]] -> 0.0017744954 | AB68: =tFunnel[[#This Row],[gap_vs_rest_upper]]-tFunnel[[#This Row],[gap_vs_rest]] -> 0.0018326118
A69: channel | B69: 4 | C69: referral | D69: 3 | E69: add_to_cart | F69: 3 | G69: 62331 | H69: 2896 | I69: 13948 | J69: 2890 | K69: 0.046461632 | L69: 0.044837007 | M69: 0.048142157 | N69: 0.20719816 | O69: 0.20055306 | P69: 0.2140045 | Q69: 0.0020718232 | R69: 0.0048263654 | S69: 0.0030456827 | T69: 0.0066534461 | U69: 0 | V69: 0 | W69: =tFunnel[[#This Row],[reach_rate]] -tFunnel[[#This Row],[reach_rate_lower]] -> 0.0016246249 | X69: =tFunnel[[#This Row],[reach_rate_upper]]-tFunnel[[#This Row],[reach_rate]] -> 0.0016805246 | Y69: =tFunnel[[#This Row],[step_conversion]]-tFunnel[[#This Row],[step_conversion_lower]] -> 0.0066451012 | Z69: =tFunnel[[#This Row],[step_conversion_upper]]-tFunnel[[#This Row],[step_conversion]] -> 0.0068063395 | AA69: =tFunnel[[#This Row],[gap_vs_rest]]-tFunnel[[#This Row],[gap_vs_rest_lower]] -> 0.0017806827 | AB69: =tFunnel[[#This Row],[gap_vs_rest_upper]]-tFunnel[[#This Row],[gap_vs_rest]] -> 0.0018270808
A70: channel | B70: 4 | C70: direct | D70: 2 | E70: add_to_cart | F70: 3 | G70: 82493 | H70: 3501 | I70: 17565 | J70: 3496 | K70: 0.042439965 | L70: 0.041085481 | M70: 0.04383706 | N70: 0.19903217 | O70: 0.19319362 | P70: 0.20500233 | Q70: 0.0014281634 | R70: -5.3783086e-05 | S70: -0.001608377 | T70: 0.0015319469 | U70: 0 | V70: 0 | W70: =tFunnel[[#This Row],[reach_rate]] -tFunnel[[#This Row],[reach_rate_lower]] -> 0.0013544834 | X70: =tFunnel[[#This Row],[reach_rate_upper]]-tFunnel[[#This Row],[reach_rate]] -> 0.0013970959 | Y70: =tFunnel[[#This Row],[step_conversion]]-tFunnel[[#This Row],[step_conversion_lower]] -> 0.0058385508 | Z70: =tFunnel[[#This Row],[step_conversion_upper]]-tFunnel[[#This Row],[step_conversion]] -> 0.0059701651 | AA70: =tFunnel[[#This Row],[gap_vs_rest]]-tFunnel[[#This Row],[gap_vs_rest_lower]] -> 0.0015545939 | AB70: =tFunnel[[#This Row],[gap_vs_rest_upper]]-tFunnel[[#This Row],[gap_vs_rest]] -> 0.00158573
A71: channel | B71: 4 | C71: organic | D71: 1 | E71: add_to_cart | F71: 3 | G71: 121780 | H71: 4724 | I71: 25658 | J71: 4722 | K71: 0.038791263 | L71: 0.037721215 | M71: 0.039890407 | N71: 0.18403617 | O71: 0.179342 | P71: 0.18882493 | Q71: 0.00042337003 | R71: -0.0056119328 | S71: -0.0069738216 | T71: -0.0042361216 | U71: 0 | V71: 0 | W71: =tFunnel[[#This Row],[reach_rate]] -tFunnel[[#This Row],[reach_rate_lower]] -> 0.0010700483 | X71: =tFunnel[[#This Row],[reach_rate_upper]]-tFunnel[[#This Row],[reach_rate]] -> 0.0010991444 | Y71: =tFunnel[[#This Row],[step_conversion]]-tFunnel[[#This Row],[step_conversion_lower]] -> 0.0046941699 | Z71: =tFunnel[[#This Row],[step_conversion_upper]]-tFunnel[[#This Row],[step_conversion]] -> 0.0047887665 | AA71: =tFunnel[[#This Row],[gap_vs_rest]]-tFunnel[[#This Row],[gap_vs_rest_lower]] -> 0.0013618888 | AB71: =tFunnel[[#This Row],[gap_vs_rest_upper]]-tFunnel[[#This Row],[gap_vs_rest]] -> 0.0013758112
A72: continent | B72: 3 | C72: unknown | D72: 99 | E72: add_to_cart | F72: 3 | G72: 803 | H72: 39 | I72: 201 | J72: 39 | K72: 0.04856787 | L72: 0.035729668 | M72: 0.065704707 | N72: 0.19402985 | O72: 0.14531038 | P72: 0.25422524 | Q72: 0 | R72: 0.0061003757 | S72: -0.0067552201 | T72: 0.023249863 | U72: 0 | V72: 0 | W72: =tFunnel[[#This Row],[reach_rate]] -tFunnel[[#This Row],[reach_rate_lower]] -> 0.012838202 | X72: =tFunnel[[#This Row],[reach_rate_upper]]-tFunnel[[#This Row],[reach_rate]] -> 0.017136836 | Y72: =tFunnel[[#This Row],[step_conversion]]-tFunnel[[#This Row],[step_conversion_lower]] -> 0.048719474 | Z72: =tFunnel[[#This Row],[step_conversion_upper]]-tFunnel[[#This Row],[step_conversion]] -> 0.060195391 | AA72: =tFunnel[[#This Row],[gap_vs_rest]]-tFunnel[[#This Row],[gap_vs_rest_lower]] -> 0.012855596 | AB72: =tFunnel[[#This Row],[gap_vs_rest_upper]]-tFunnel[[#This Row],[gap_vs_rest]] -> 0.017149487
A73: continent | B73: 3 | C73: africa | D73: 5 | E73: add_to_cart | F73: 3 | G73: 3664 | H73: 144 | I73: 770 | J73: 144 | K73: 0.03930131 | L73: 0.033476935 | M73: 0.046090697 | N73: 0.18701299 | O73: 0.1610502 | P73: 0.2160832 | Q73: 0 | R73: -0.0032130679 | S73: -0.0090760347 | T73: 0.0036084784 | U73: 0 | V73: 0 | W73: =tFunnel[[#This Row],[reach_rate]] -tFunnel[[#This Row],[reach_rate_lower]] -> 0.0058243749 | X73: =tFunnel[[#This Row],[reach_rate_upper]]-tFunnel[[#This Row],[reach_rate]] -> 0.0067893866 | Y73: =tFunnel[[#This Row],[step_conversion]]-tFunnel[[#This Row],[step_conversion_lower]] -> 0.025962789 | Z73: =tFunnel[[#This Row],[step_conversion_upper]]-tFunnel[[#This Row],[step_conversion]] -> 0.029070213 | AA73: =tFunnel[[#This Row],[gap_vs_rest]]-tFunnel[[#This Row],[gap_vs_rest_lower]] -> 0.0058629668 | AB73: =tFunnel[[#This Row],[gap_vs_rest_upper]]-tFunnel[[#This Row],[gap_vs_rest]] -> 0.0068215462
A74: continent | B74: 3 | C74: oceania | D74: 4 | E74: add_to_cart | F74: 3 | G74: 3745 | H74: 159 | I74: 831 | J74: 159 | K74: 0.042456609 | L74: 0.036454116 | M74: 0.049396796 | N74: 0.19133574 | O74: 0.16603565 | P74: 0.21947642 | Q74: 0 | R74: -2.4924355e-05 | S74: -0.0060648528 | T74: 0.0069467111 | U74: 0 | V74: 0 | W74: =tFunnel[[#This Row],[reach_rate]] -tFunnel[[#This Row],[reach_rate_lower]] -> 0.0060024931 | X74: =tFunnel[[#This Row],[reach_rate_upper]]-tFunnel[[#This Row],[reach_rate]] -> 0.0069401876 | Y74: =tFunnel[[#This Row],[step_conversion]]-tFunnel[[#This Row],[step_conversion_lower]] -> 0.025300086 | Z74: =tFunnel[[#This Row],[step_conversion_upper]]-tFunnel[[#This Row],[step_conversion]] -> 0.028140676 | AA74: =tFunnel[[#This Row],[gap_vs_rest]]-tFunnel[[#This Row],[gap_vs_rest_lower]] -> 0.0060399284 | AB74: =tFunnel[[#This Row],[gap_vs_rest_upper]]-tFunnel[[#This Row],[gap_vs_rest]] -> 0.0069716354
A75: continent | B75: 3 | C75: europe | D75: 3 | E75: add_to_cart | F75: 3 | G75: 66291 | H75: 2782 | I75: 14143 | J75: 2777 | K75: 0.041966481 | L75: 0.040466456 | M75: 0.043519588 | N75: 0.19635155 | O75: 0.1898876 | P75: 0.20298041 | Q75: 0.0017972682 | R75: -0.00063274944 | S75: -0.0023062591 | T75: 0.0010832987 | U75: 0 | V75: 0 | W75: =tFunnel[[#This Row],[reach_rate]] -tFunnel[[#This Row],[reach_rate_lower]] -> 0.0015000249 | X75: =tFunnel[[#This Row],[reach_rate_upper]]-tFunnel[[#This Row],[reach_rate]] -> 0.0015531065 | Y75: =tFunnel[[#This Row],[step_conversion]]-tFunnel[[#This Row],[step_conversion_lower]] -> 0.0064639541 | Z75: =tFunnel[[#This Row],[step_conversion_upper]]-tFunnel[[#This Row],[step_conversion]] -> 0.0066288606 | AA75: =tFunnel[[#This Row],[gap_vs_rest]]-tFunnel[[#This Row],[gap_vs_rest_lower]] -> 0.0016735097 | AB75: =tFunnel[[#This Row],[gap_vs_rest_upper]]-tFunnel[[#This Row],[gap_vs_rest]] -> 0.0017160481
A76: continent | B76: 3 | C76: asia | D76: 2 | E76: add_to_cart | F76: 3 | G76: 84481 | H76: 3463 | I76: 18111 | J76: 3459 | K76: 0.040991466 | L76: 0.039675219 | M76: 0.042349454 | N76: 0.1909889 | O76: 0.18532989 | P76: 0.19677897 | Q76: 0.0011550679 | R76: -0.0019540439 | S76: -0.003478787 | T76: -0.00039947024 | U76: 0 | V76: 0 | W76: =tFunnel[[#This Row],[reach_rate]] -tFunnel[[#This Row],[reach_rate_lower]] -> 0.0013162467 | X76: =tFunnel[[#This Row],[reach_rate_upper]]-tFunnel[[#This Row],[reach_rate]] -> 0.0013579882 | Y76: =tFunnel[[#This Row],[step_conversion]]-tFunnel[[#This Row],[step_conversion_lower]] -> 0.0056590106 | Z76: =tFunnel[[#This Row],[step_conversion_upper]]-tFunnel[[#This Row],[step_conversion]] -> 0.0057900692 | AA76: =tFunnel[[#This Row],[gap_vs_rest]]-tFunnel[[#This Row],[gap_vs_rest_lower]] -> 0.0015247431 | AB76: =tFunnel[[#This Row],[gap_vs_rest_upper]]-tFunnel[[#This Row],[gap_vs_rest]] -> 0.0015545736
A77: continent | B77: 3 | C77: americas | D77: 1 | E77: add_to_cart | F77: 3 | G77: 196608 | H77: 8519 | I77: 42477 | J77: 8512 | K77: 0.043329875 | L77: 0.042438804 | M77: 0.044238791 | N77: 0.2003908 | O77: 0.19661127 | P77: 0.20422452 | Q77: 0.00082169269 | R77: 0.0018980325 | S77: 0.00056553088 | T77: 0.0032262883 | U77: 0 | V77: 0 | W77: =tFunnel[[#This Row],[reach_rate]] -tFunnel[[#This Row],[reach_rate_lower]] -> 0.00089107106 | X77: =tFunnel[[#This Row],[reach_rate_upper]]-tFunnel[[#This Row],[reach_rate]] -> 0.00090891616 | Y77: =tFunnel[[#This Row],[step_conversion]]-tFunnel[[#This Row],[step_conversion_lower]] -> 0.0037795339 | Z77: =tFunnel[[#This Row],[step_conversion_upper]]-tFunnel[[#This Row],[step_conversion]] -> 0.00383372 | AA77: =tFunnel[[#This Row],[gap_vs_rest]]-tFunnel[[#This Row],[gap_vs_rest_lower]] -> 0.0013325016 | AB77: =tFunnel[[#This Row],[gap_vs_rest_upper]]-tFunnel[[#This Row],[gap_vs_rest]] -> 0.0013282558
... A80: device_category | B80: 2 | C80: desktop | D80: 1 | E80: add_to_cart | F80: 3 | G80: 206354 | H80: 8754 | I80: 44460 | J80: 8745 | K80: 0.042422245 | L80: 0.041561118 | M80: 0.043300409 | N80: 0.19669366 | O80: 0.19302506 | P80: 0.20041466 | Q80: 0.0010281014 | R80: -0.00014064086 | S80: -0.0014878114 | T80: 0.0011996054 | U80: 0 | V80: 0 | W80: =tFunnel[[#This Row],[reach_rate]] -tFunnel[[#This Row],[reach_rate_lower]] -> 0.00086112752 | X80: =tFunnel[[#This Row],[reach_rate_upper]]-tFunnel[[#This Row],[reach_rate]] -> 0.00087816362 | Y80: =tFunnel[[#This Row],[step_conversion]]-tFunnel[[#This Row],[step_conversion_lower]] -> 0.0036685989 | Z80: =tFunnel[[#This Row],[step_conversion_upper]]-tFunnel[[#This Row],[step_conversion]] -> 0.0037210073 | AA80: =tFunnel[[#This Row],[gap_vs_rest]]-tFunnel[[#This Row],[gap_vs_rest_lower]] -> 0.0013471705 | AB80: =tFunnel[[#This Row],[gap_vs_rest_upper]]-tFunnel[[#This Row],[gap_vs_rest]] -> 0.0013402463
A81: overall | B81: 1 | C81: all sessions | D81: 0 | E81: add_to_cart | F81: 3 | G81: 355592 | H81: 15106 | I81: 76533 | J81: 15090 | K81: 0.042481271 | L81: 0.041823304 | M81: 0.043149123 | N81: 0.19716985 | O81: 0.19436633 | P81: 0.20000376 | Q81: 0.0010591818 | U81: 0 | V81: 0 | W81: =tFunnel[[#This Row],[reach_rate]] -tFunnel[[#This Row],[reach_rate_lower]] -> 0.00065796694 | X81: =tFunnel[[#This Row],[reach_rate_upper]]-tFunnel[[#This Row],[reach_rate]] -> 0.00066785198 | Y81: =tFunnel[[#This Row],[step_conversion]]-tFunnel[[#This Row],[step_conversion_lower]] -> 0.0028035161 | Z81: =tFunnel[[#This Row],[step_conversion_upper]]-tFunnel[[#This Row],[step_conversion]] -> 0.0028339147 | AA81: =tFunnel[[#This Row],[gap_vs_rest]]-tFunnel[[#This Row],[gap_vs_rest_lower]] -> 0 | AB81: =tFunnel[[#This Row],[gap_vs_rest_upper]]-tFunnel[[#This Row],[gap_vs_rest]] -> 0
A82: channel | B82: 4 | C82: cpc | D82: 6 | E82: view_item | F82: 2 | G82: 15548 | H82: 3166 | I82: 15548 | J82: 3166 | K82: 0.20362748 | L82: 0.19737128 | M82: 0.21003008 | N82: 0.20362748 | O82: 0.19737128 | P82: 0.21003008 | Q82: 0 | R82: -0.012129896 | S82: -0.018537731 | T82: -0.0055803917 | U82: 0 | V82: 0 | W82: =tFunnel[[#This Row],[reach_rate]] -tFunnel[[#This Row],[reach_rate_lower]] -> 0.0062561933 | X82: =tFunnel[[#This Row],[reach_rate_upper]]-tFunnel[[#This Row],[reach_rate]] -> 0.0064026072 | Y82: =tFunnel[[#This Row],[step_conversion]]-tFunnel[[#This Row],[step_conversion_lower]] -> 0.0062561933 | Z82: =tFunnel[[#This Row],[step_conversion_upper]]-tFunnel[[#This Row],[step_conversion]] -> 0.0064026072 | AA82: =tFunnel[[#This Row],[gap_vs_rest]]-tFunnel[[#This Row],[gap_vs_rest_lower]] -> 0.0064078347 | AB82: =tFunnel[[#This Row],[gap_vs_rest_upper]]-tFunnel[[#This Row],[gap_vs_rest]] -> 0.0065495047
A83: channel | B83: 4 | C83: unknown | D83: 99 | E83: view_item | F83: 2 | G83: 21651 | H83: 5623 | I83: 21651 | J83: 5623 | K83: 0.25971087 | L83: 0.25391329 | M83: 0.2655937 | N83: 0.25971087 | O83: 0.25391329 | P83: 0.2655937 | Q83: 0 | R83: 0.047367969 | S83: 0.041406002 | T83: 0.053411352 | U83: 0 | V83: 0 | W83: =tFunnel[[#This Row],[reach_rate]] -tFunnel[[#This Row],[reach_rate_lower]] -> 0.0057975764 | X83: =tFunnel[[#This Row],[reach_rate_upper]]-tFunnel[[#This Row],[reach_rate]] -> 0.0058828286 | Y83: =tFunnel[[#This Row],[step_conversion]]-tFunnel[[#This Row],[step_conversion_lower]] -> 0.0057975764 | Z83: =tFunnel[[#This Row],[step_conversion_upper]]-tFunnel[[#This Row],[step_conversion]] -> 0.0058828286 | AA83: =tFunnel[[#This Row],[gap_vs_rest]]-tFunnel[[#This Row],[gap_vs_rest_lower]] -> 0.0059619674 | AB83: =tFunnel[[#This Row],[gap_vs_rest_upper]]-tFunnel[[#This Row],[gap_vs_rest]] -> 0.0060433828
A84: channel | B84: 4 | C84: other | D84: 4 | E84: view_item | F84: 2 | G84: 51789 | H84: 10573 | I84: 51789 | J84: 10573 | K84: 0.20415532 | L84: 0.20070577 | M84: 0.20764876 | N84: 0.20415532 | O84: 0.20070577 | P84: 0.20764876 | Q84: 0 | R84: -0.012959057 | S84: -0.016708612 | T84: -0.0091718579 | U84: 0 | V84: 0 | W84: =tFunnel[[#This Row],[reach_rate]] -tFunnel[[#This Row],[reach_rate_lower]] -> 0.0034495512 | X84: =tFunnel[[#This Row],[reach_rate_upper]]-tFunnel[[#This Row],[reach_rate]] -> 0.0034934367 | Y84: =tFunnel[[#This Row],[step_conversion]]-tFunnel[[#This Row],[step_conversion_lower]] -> 0.0034495512 | Z84: =tFunnel[[#This Row],[step_conversion_upper]]-tFunnel[[#This Row],[step_conversion]] -> 0.0034934367 | AA84: =tFunnel[[#This Row],[gap_vs_rest]]-tFunnel[[#This Row],[gap_vs_rest_lower]] -> 0.0037495547 | AB84: =tFunnel[[#This Row],[gap_vs_rest_upper]]-tFunnel[[#This Row],[gap_vs_rest]] -> 0.0037871996
A85: channel | B85: 4 | C85: referral | D85: 3 | E85: view_item | F85: 2 | G85: 62331 | H85: 13948 | I85: 62331 | J85: 13948 | K85: 0.22377308 | L85: 0.2205183 | M85: 0.22706191 | N85: 0.22377308 | O85: 0.2205183 | P85: 0.22706191 | Q85: 0 | R85: 0.010362503 | S85: 0.0067842891 | T85: 0.013968626 | U85: 0 | V85: 0 | W85: =tFunnel[[#This Row],[reach_rate]] -tFunnel[[#This Row],[reach_rate_lower]] -> 0.0032547777 | X85: =tFunnel[[#This Row],[reach_rate_upper]]-tFunnel[[#This Row],[reach_rate]] -> 0.0032888233 | Y85: =tFunnel[[#This Row],[step_conversion]]-tFunnel[[#This Row],[step_conversion_lower]] -> 0.0032547777 | Z85: =tFunnel[[#This Row],[step_conversion_upper]]-tFunnel[[#This Row],[step_conversion]] -> 0.0032888233 | AA85: =tFunnel[[#This Row],[gap_vs_rest]]-tFunnel[[#This Row],[gap_vs_rest_lower]] -> 0.0035782136 | AB85: =tFunnel[[#This Row],[gap_vs_rest_upper]]-tFunnel[[#This Row],[gap_vs_rest]] -> 0.0036061235
A86: channel | B86: 4 | C86: direct | D86: 2 | E86: view_item | F86: 2 | G86: 82493 | H86: 17565 | I86: 82493 | J86: 17565 | K86: 0.21292716 | L86: 0.21014697 | M86: 0.21573408 | N86: 0.21292716 | O86: 0.21014697 | P86: 0.21573408 | Q86: 0 | R86: -0.0029945413 | S86: -0.0061762352 | T86: 0.00020669024 | U86: 0 | V86: 0 | W86: =tFunnel[[#This Row],[reach_rate]] -tFunnel[[#This Row],[reach_rate_lower]] -> 0.0027801886 | X86: =tFunnel[[#This Row],[reach_rate_upper]]-tFunnel[[#This Row],[reach_rate]] -> 0.0028069236 | Y86: =tFunnel[[#This Row],[step_conversion]]-tFunnel[[#This Row],[step_conversion_lower]] -> 0.0027801886 | Z86: =tFunnel[[#This Row],[step_conversion_upper]]-tFunnel[[#This Row],[step_conversion]] -> 0.0028069236 | AA86: =tFunnel[[#This Row],[gap_vs_rest]]-tFunnel[[#This Row],[gap_vs_rest_lower]] -> 0.003181694 | AB86: =tFunnel[[#This Row],[gap_vs_rest_upper]]-tFunnel[[#This Row],[gap_vs_rest]] -> 0.0032012315
A87: channel | B87: 4 | C87: organic | D87: 1 | E87: view_item | F87: 2 | G87: 121780 | H87: 25658 | I87: 121780 | J87: 25658 | K87: 0.21069141 | L87: 0.20841018 | M87: 0.2129909 | N87: 0.21069141 | O87: 0.20841018 | P87: 0.2129909 | Q87: 0 | R87: -0.0068979345 | S87: -0.0097292949 | T87: -0.0040573066 | U87: 0 | V87: 0 | W87: =tFunnel[[#This Row],[reach_rate]] -tFunnel[[#This Row],[reach_rate_lower]] -> 0.0022812331 | X87: =tFunnel[[#This Row],[reach_rate_upper]]-tFunnel[[#This Row],[reach_rate]] -> 0.0022994846 | Y87: =tFunnel[[#This Row],[step_conversion]]-tFunnel[[#This Row],[step_conversion_lower]] -> 0.0022812331 | Z87: =tFunnel[[#This Row],[step_conversion_upper]]-tFunnel[[#This Row],[step_conversion]] -> 0.0022994846 | AA87: =tFunnel[[#This Row],[gap_vs_rest]]-tFunnel[[#This Row],[gap_vs_rest_lower]] -> 0.0028313603 | AB87: =tFunnel[[#This Row],[gap_vs_rest_upper]]-tFunnel[[#This Row],[gap_vs_rest]] -> 0.0028406279
A88: continent | B88: 3 | C88: unknown | D88: 99 | E88: view_item | F88: 2 | G88: 803 | H88: 201 | I88: 803 | J88: 201 | K88: 0.25031133 | L88: 0.22158589 | M88: 0.28141436 | N88: 0.25031133 | O88: 0.22158589 | P88: 0.28141436 | Q88: 0 | R88: 0.035163738 | S88: 0.0064063442 | T88: 0.066296012 | U88: 0 | V88: 0 | W88: =tFunnel[[#This Row],[reach_rate]] -tFunnel[[#This Row],[reach_rate_lower]] -> 0.028725442 | X88: =tFunnel[[#This Row],[reach_rate_upper]]-tFunnel[[#This Row],[reach_rate]] -> 0.031103031 | Y88: =tFunnel[[#This Row],[step_conversion]]-tFunnel[[#This Row],[step_conversion_lower]] -> 0.028725442 | Z88: =tFunnel[[#This Row],[step_conversion_upper]]-tFunnel[[#This Row],[step_conversion]] -> 0.031103031 | AA88: =tFunnel[[#This Row],[gap_vs_rest]]-tFunnel[[#This Row],[gap_vs_rest_lower]] -> 0.028757394 | AB88: =tFunnel[[#This Row],[gap_vs_rest_upper]]-tFunnel[[#This Row],[gap_vs_rest]] -> 0.031132275
A89: continent | B89: 3 | C89: africa | D89: 5 | E89: view_item | F89: 2 | G89: 3664 | H89: 770 | I89: 3664 | J89: 770 | K89: 0.21015284 | L89: 0.19726786 | M89: 0.22364496 | N89: 0.21015284 | O89: 0.19726786 | P89: 0.22364496 | Q89: 0 | R89: -0.0051269915 | S89: -0.018083659 | T89: 0.0084329784 | U89: 0 | V89: 0 | W89: =tFunnel[[#This Row],[reach_rate]] -tFunnel[[#This Row],[reach_rate_lower]] -> 0.012884983 | X89: =tFunnel[[#This Row],[reach_rate_upper]]-tFunnel[[#This Row],[reach_rate]] -> 0.013492117 | Y89: =tFunnel[[#This Row],[step_conversion]]-tFunnel[[#This Row],[step_conversion_lower]] -> 0.012884983 | Z89: =tFunnel[[#This Row],[step_conversion_upper]]-tFunnel[[#This Row],[step_conversion]] -> 0.013492117 | AA89: =tFunnel[[#This Row],[gap_vs_rest]]-tFunnel[[#This Row],[gap_vs_rest_lower]] -> 0.012956667 | AB89: =tFunnel[[#This Row],[gap_vs_rest_upper]]-tFunnel[[#This Row],[gap_vs_rest]] -> 0.01355997
A90: continent | B90: 3 | C90: oceania | D90: 4 | E90: view_item | F90: 2 | G90: 3745 | H90: 831 | I90: 3745 | J90: 831 | K90: 0.22189586 | L90: 0.20887652 | M90: 0.23548516 | N90: 0.22189586 | O90: 0.20887652 | P90: 0.23548516 | Q90: 0 | R90: 0.0067398416 | S90: -0.0063504386 | T90: 0.020396493 | U90: 0 | V90: 0 | W90: =tFunnel[[#This Row],[reach_rate]] -tFunnel[[#This Row],[reach_rate_lower]] -> 0.013019345 | X90: =tFunnel[[#This Row],[reach_rate_upper]]-tFunnel[[#This Row],[reach_rate]] -> 0.013589295 | Y90: =tFunnel[[#This Row],[step_conversion]]-tFunnel[[#This Row],[step_conversion_lower]] -> 0.013019345 | Z90: =tFunnel[[#This Row],[step_conversion_upper]]-tFunnel[[#This Row],[step_conversion]] -> 0.013589295 | AA90: =tFunnel[[#This Row],[gap_vs_rest]]-tFunnel[[#This Row],[gap_vs_rest_lower]] -> 0.01309028 | AB90: =tFunnel[[#This Row],[gap_vs_rest_upper]]-tFunnel[[#This Row],[gap_vs_rest]] -> 0.013656652
A91: continent | B91: 3 | C91: europe | D91: 3 | E91: view_item | F91: 2 | G91: 66291 | H91: 14143 | I91: 66291 | J91: 14143 | K91: 0.21334721 | L91: 0.2102453 | M91: 0.21648235 | N91: 0.21334721 | O91: 0.2102453 | P91: 0.21648235 | Q91: 0 | R91: -0.002310529 | S91: -0.0057571559 | T91: 0.0011627691 | U91: 0 | V91: 0 | W91: =tFunnel[[#This Row],[reach_rate]] -tFunnel[[#This Row],[reach_rate_lower]] -> 0.0031019162 | X91: =tFunnel[[#This Row],[reach_rate_upper]]-tFunnel[[#This Row],[reach_rate]] -> 0.0031351364 | Y91: =tFunnel[[#This Row],[step_conversion]]-tFunnel[[#This Row],[step_conversion_lower]] -> 0.0031019162 | Z91: =tFunnel[[#This Row],[step_conversion_upper]]-tFunnel[[#This Row],[step_conversion]] -> 0.0031351364 | AA91: =tFunnel[[#This Row],[gap_vs_rest]]-tFunnel[[#This Row],[gap_vs_rest_lower]] -> 0.0034466269 | AB91: =tFunnel[[#This Row],[gap_vs_rest_upper]]-tFunnel[[#This Row],[gap_vs_rest]] -> 0.0034732981
A92: continent | B92: 3 | C92: asia | D92: 2 | E92: view_item | F92: 2 | G92: 84481 | H92: 18111 | I92: 84481 | J92: 18111 | K92: 0.21437956 | L92: 0.21162522 | M92: 0.21715989 | N92: 0.21437956 | O92: 0.21162522 | P92: 0.21715989 | Q92: 0 | R92: -0.0011115073 | S92: -0.0042728826 | T92: 0.0020686018 | U92: 0 | V92: 0 | W92: =tFunnel[[#This Row],[reach_rate]] -tFunnel[[#This Row],[reach_rate_lower]] -> 0.0027543469 | X92: =tFunnel[[#This Row],[reach_rate_upper]]-tFunnel[[#This Row],[reach_rate]] -> 0.0027803208 | Y92: =tFunnel[[#This Row],[step_conversion]]-tFunnel[[#This Row],[step_conversion_lower]] -> 0.0027543469 | Z92: =tFunnel[[#This Row],[step_conversion_upper]]-tFunnel[[#This Row],[step_conversion]] -> 0.0027803208 | AA92: =tFunnel[[#This Row],[gap_vs_rest]]-tFunnel[[#This Row],[gap_vs_rest_lower]] -> 0.0031613753 | AB92: =tFunnel[[#This Row],[gap_vs_rest_upper]]-tFunnel[[#This Row],[gap_vs_rest]] -> 0.0031801091
A93: continent | B93: 3 | C93: americas | D93: 1 | E93: view_item | F93: 2 | G93: 196608 | H93: 42477 | I93: 196608 | J93: 42477 | K93: 0.21604919 | L93: 0.2142356 | M93: 0.21787388 | N93: 0.21604919 | O93: 0.2142356 | P93: 0.21787388 | Q93: 0 | R93: 0.0018389593 | S93: -0.00087841171 | T93: 0.0045535075 | U93: 0 | V93: 0 | W93: =tFunnel[[#This Row],[reach_rate]] -tFunnel[[#This Row],[reach_rate_lower]] -> 0.0018135916 | X93: =tFunnel[[#This Row],[reach_rate_upper]]-tFunnel[[#This Row],[reach_rate]] -> 0.0018246874 | Y93: =tFunnel[[#This Row],[step_conversion]]-tFunnel[[#This Row],[step_conversion_lower]] -> 0.0018135916 | Z93: =tFunnel[[#This Row],[step_conversion_upper]]-tFunnel[[#This Row],[step_conversion]] -> 0.0018246874 | AA93: =tFunnel[[#This Row],[gap_vs_rest]]-tFunnel[[#This Row],[gap_vs_rest_lower]] -> 0.0027173711 | AB93: =tFunnel[[#This Row],[gap_vs_rest_upper]]-tFunnel[[#This Row],[gap_vs_rest]] -> 0.0027145482
... A96: device_category | B96: 2 | C96: desktop | D96: 1 | E96: view_item | F96: 2 | G96: 206354 | H96: 44460 | I96: 206354 | J96: 44460 | K96: 0.21545499 | L96: 0.2136864 | M96: 0.21723418 | N96: 0.21545499 | O96: 0.2136864 | P96: 0.21723418 | Q96: 0 | R96: 0.00054324312 | S96: -0.0021956543 | T96: 0.0032778315 | U96: 0 | V96: 0 | W96: =tFunnel[[#This Row],[reach_rate]] -tFunnel[[#This Row],[reach_rate_lower]] -> 0.0017685933 | X96: =tFunnel[[#This Row],[reach_rate_upper]]-tFunnel[[#This Row],[reach_rate]] -> 0.0017791872 | Y96: =tFunnel[[#This Row],[step_conversion]]-tFunnel[[#This Row],[step_conversion_lower]] -> 0.0017685933 | Z96: =tFunnel[[#This Row],[step_conversion_upper]]-tFunnel[[#This Row],[step_conversion]] -> 0.0017791872 | AA96: =tFunnel[[#This Row],[gap_vs_rest]]-tFunnel[[#This Row],[gap_vs_rest_lower]] -> 0.0027388974 | AB96: =tFunnel[[#This Row],[gap_vs_rest_upper]]-tFunnel[[#This Row],[gap_vs_rest]] -> 0.0027345884
A97: overall | B97: 1 | C97: all sessions | D97: 0 | E97: view_item | F97: 2 | G97: 355592 | H97: 76533 | I97: 355592 | J97: 76533 | K97: 0.215227 | L97: 0.21387928 | M97: 0.21658088 | N97: 0.215227 | O97: 0.21387928 | P97: 0.21658088 | Q97: 0 | U97: 0 | V97: 0 | W97: =tFunnel[[#This Row],[reach_rate]] -tFunnel[[#This Row],[reach_rate_lower]] -> 0.0013477244 | X97: =tFunnel[[#This Row],[reach_rate_upper]]-tFunnel[[#This Row],[reach_rate]] -> 0.0013538771 | Y97: =tFunnel[[#This Row],[step_conversion]]-tFunnel[[#This Row],[step_conversion_lower]] -> 0.0013477244 | Z97: =tFunnel[[#This Row],[step_conversion_upper]]-tFunnel[[#This Row],[step_conversion]] -> 0.0013538771 | AA97: =tFunnel[[#This Row],[gap_vs_rest]]-tFunnel[[#This Row],[gap_vs_rest_lower]] -> 0 | AB97: =tFunnel[[#This Row],[gap_vs_rest_upper]]-tFunnel[[#This Row],[gap_vs_rest]] -> 0
A98: channel | B98: 4 | C98: cpc | D98: 6 | E98: sessions | F98: 1 | G98: 15548 | H98: 15548 | I98: 15548 | J98: 15548 | K98: 1 | L98: 0.99975299 | M98: 1 | N98: 1 | O98: 0.99975299 | P98: 1 | Q98: 0 | R98: 0 | S98: -0.0002470099 | T98: 1.1296819e-05 | U98: 0 | V98: 0 | W98: =tFunnel[[#This Row],[reach_rate]] -tFunnel[[#This Row],[reach_rate_lower]] -> 0.0002470099 | X98: =tFunnel[[#This Row],[reach_rate_upper]]-tFunnel[[#This Row],[reach_rate]] -> 0 | Y98: =tFunnel[[#This Row],[step_conversion]]-tFunnel[[#This Row],[step_conversion_lower]] -> 0.0002470099 | Z98: =tFunnel[[#This Row],[step_conversion_upper]]-tFunnel[[#This Row],[step_conversion]] -> 0 | AA98: =tFunnel[[#This Row],[gap_vs_rest]]-tFunnel[[#This Row],[gap_vs_rest_lower]] -> 0.0002470099 | AB98: =tFunnel[[#This Row],[gap_vs_rest_upper]]-tFunnel[[#This Row],[gap_vs_rest]] -> 1.1296819e-05
A99: channel | B99: 4 | C99: unknown | D99: 99 | E99: sessions | F99: 1 | G99: 21651 | H99: 21651 | I99: 21651 | J99: 21651 | K99: 1 | L99: 0.99982261 | M99: 1 | N99: 1 | O99: 0.99982261 | P99: 1 | Q99: 0 | R99: 0 | S99: -0.00017739492 | T99: 1.1503274e-05 | U99: 0 | V99: 0 | W99: =tFunnel[[#This Row],[reach_rate]] -tFunnel[[#This Row],[reach_rate_lower]] -> 0.00017739492 | X99: =tFunnel[[#This Row],[reach_rate_upper]]-tFunnel[[#This Row],[reach_rate]] -> 0 | Y99: =tFunnel[[#This Row],[step_conversion]]-tFunnel[[#This Row],[step_conversion_lower]] -> 0.00017739492 | Z99: =tFunnel[[#This Row],[step_conversion_upper]]-tFunnel[[#This Row],[step_conversion]] -> 0 | AA99: =tFunnel[[#This Row],[gap_vs_rest]]-tFunnel[[#This Row],[gap_vs_rest_lower]] -> 0.00017739492 | AB99: =tFunnel[[#This Row],[gap_vs_rest_upper]]-tFunnel[[#This Row],[gap_vs_rest]] -> 1.1503274e-05
A100: channel | B100: 4 | C100: other | D100: 4 | E100: sessions | F100: 1 | G100: 51789 | H100: 51789 | I100: 51789 | J100: 51789 | K100: 1 | L100: 0.99992583 | M100: 1 | N100: 1 | O100: 0.99992583 | P100: 1 | Q100: 0 | R100: 0 | S100: -7.4169688e-05 | T100: 1.2644412e-05 | U100: 0 | V100: 0 | W100: =tFunnel[[#This Row],[reach_rate]] -tFunnel[[#This Row],[reach_rate_lower]] -> 7.4169688e-05 | X100: =tFunnel[[#This Row],[reach_rate_upper]]-tFunnel[[#This Row],[reach_rate]] -> 0 | Y100: =tFunnel[[#This Row],[step_conversion]]-tFunnel[[#This Row],[step_conversion_lower]] -> 7.4169688e-05 | Z100: =tFunnel[[#This Row],[step_conversion_upper]]-tFunnel[[#This Row],[step_conversion]] -> 0 | AA100: =tFunnel[[#This Row],[gap_vs_rest]]-tFunnel[[#This Row],[gap_vs_rest_lower]] -> 7.4169688e-05 | AB100: =tFunnel[[#This Row],[gap_vs_rest_upper]]-tFunnel[[#This Row],[gap_vs_rest]] -> 1.2644412e-05
A101: channel | B101: 4 | C101: referral | D101: 3 | E101: sessions | F101: 1 | G101: 62331 | H101: 62331 | I101: 62331 | J101: 62331 | K101: 1 | L101: 0.99993837 | M101: 1 | N101: 1 | O101: 0.99993837 | P101: 1 | Q101: 0 | R101: 0 | S101: -6.1626192e-05 | T101: 1.3098941e-05 | U101: 0 | V101: 0 | W101: =tFunnel[[#This Row],[reach_rate]] -tFunnel[[#This Row],[reach_rate_lower]] -> 6.1626192e-05 | X101: =tFunnel[[#This Row],[reach_rate_upper]]-tFunnel[[#This Row],[reach_rate]] -> 0 | Y101: =tFunnel[[#This Row],[step_conversion]]-tFunnel[[#This Row],[step_conversion_lower]] -> 6.1626192e-05 | Z101: =tFunnel[[#This Row],[step_conversion_upper]]-tFunnel[[#This Row],[step_conversion]] -> 0 | AA101: =tFunnel[[#This Row],[gap_vs_rest]]-tFunnel[[#This Row],[gap_vs_rest_lower]] -> 6.1626192e-05 | AB101: =tFunnel[[#This Row],[gap_vs_rest_upper]]-tFunnel[[#This Row],[gap_vs_rest]] -> 1.3098941e-05
A102: channel | B102: 4 | C102: direct | D102: 2 | E102: sessions | F102: 1 | G102: 82493 | H102: 82493 | I102: 82493 | J102: 82493 | K102: 1 | L102: 0.99995344 | M102: 1 | N102: 1 | O102: 0.99995344 | P102: 1 | Q102: 0 | R102: 0 | S102: -4.6564921e-05 | T102: 1.4065979e-05 | U102: 0 | V102: 0 | W102: =tFunnel[[#This Row],[reach_rate]] -tFunnel[[#This Row],[reach_rate_lower]] -> 4.6564921e-05 | X102: =tFunnel[[#This Row],[reach_rate_upper]]-tFunnel[[#This Row],[reach_rate]] -> 0 | Y102: =tFunnel[[#This Row],[step_conversion]]-tFunnel[[#This Row],[step_conversion_lower]] -> 4.6564921e-05 | Z102: =tFunnel[[#This Row],[step_conversion_upper]]-tFunnel[[#This Row],[step_conversion]] -> 0 | AA102: =tFunnel[[#This Row],[gap_vs_rest]]-tFunnel[[#This Row],[gap_vs_rest_lower]] -> 4.6564921e-05 | AB102: =tFunnel[[#This Row],[gap_vs_rest_upper]]-tFunnel[[#This Row],[gap_vs_rest]] -> 1.4065979e-05
A103: channel | B103: 4 | C103: organic | D103: 1 | E103: sessions | F103: 1 | G103: 121780 | H103: 121780 | I103: 121780 | J103: 121780 | K103: 1 | L103: 0.99996846 | M103: 1 | N103: 1 | O103: 0.99996846 | P103: 1 | Q103: 0 | R103: 0 | S103: -3.1543256e-05 | T103: 1.6429421e-05 | U103: 0 | V103: 0 | W103: =tFunnel[[#This Row],[reach_rate]] -tFunnel[[#This Row],[reach_rate_lower]] -> 3.1543256e-05 | X103: =tFunnel[[#This Row],[reach_rate_upper]]-tFunnel[[#This Row],[reach_rate]] -> 0 | Y103: =tFunnel[[#This Row],[step_conversion]]-tFunnel[[#This Row],[step_conversion_lower]] -> 3.1543256e-05 | Z103: =tFunnel[[#This Row],[step_conversion_upper]]-tFunnel[[#This Row],[step_conversion]] -> 0 | AA103: =tFunnel[[#This Row],[gap_vs_rest]]-tFunnel[[#This Row],[gap_vs_rest_lower]] -> 3.1543256e-05 | AB103: =tFunnel[[#This Row],[gap_vs_rest_upper]]-tFunnel[[#This Row],[gap_vs_rest]] -> 1.6429421e-05
A104: continent | B104: 3 | C104: unknown | D104: 99 | E104: sessions | F104: 1 | G104: 803 | H104: 803 | I104: 803 | J104: 803 | K104: 1 | L104: 0.99523889 | M104: 1 | N104: 1 | O104: 0.99523889 | P104: 1 | Q104: 0 | R104: 0 | S104: -0.0047611075 | T104: 1.0827329e-05 | U104: 0 | V104: 0 | W104: =tFunnel[[#This Row],[reach_rate]] -tFunnel[[#This Row],[reach_rate_lower]] -> 0.0047611075 | X104: =tFunnel[[#This Row],[reach_rate_upper]]-tFunnel[[#This Row],[reach_rate]] -> 0 | Y104: =tFunnel[[#This Row],[step_conversion]]-tFunnel[[#This Row],[step_conversion_lower]] -> 0.0047611075 | Z104: =tFunnel[[#This Row],[step_conversion_upper]]-tFunnel[[#This Row],[step_conversion]] -> 0 | AA104: =tFunnel[[#This Row],[gap_vs_rest]]-tFunnel[[#This Row],[gap_vs_rest_lower]] -> 0.0047611075 | AB104: =tFunnel[[#This Row],[gap_vs_rest_upper]]-tFunnel[[#This Row],[gap_vs_rest]] -> 1.0827329e-05
A105: continent | B105: 3 | C105: africa | D105: 5 | E105: sessions | F105: 1 | G105: 3664 | H105: 3664 | I105: 3664 | J105: 3664 | K105: 1 | L105: 0.99895266 | M105: 1 | N105: 1 | O105: 0.99895266 | P105: 1 | Q105: 0 | R105: 0 | S105: -0.001047335 | T105: 1.0915349e-05 | U105: 0 | V105: 0 | W105: =tFunnel[[#This Row],[reach_rate]] -tFunnel[[#This Row],[reach_rate_lower]] -> 0.001047335 | X105: =tFunnel[[#This Row],[reach_rate_upper]]-tFunnel[[#This Row],[reach_rate]] -> 0 | Y105: =tFunnel[[#This Row],[step_conversion]]-tFunnel[[#This Row],[step_conversion_lower]] -> 0.001047335 | Z105: =tFunnel[[#This Row],[step_conversion_upper]]-tFunnel[[#This Row],[step_conversion]] -> 0 | AA105: =tFunnel[[#This Row],[gap_vs_rest]]-tFunnel[[#This Row],[gap_vs_rest_lower]] -> 0.001047335 | AB105: =tFunnel[[#This Row],[gap_vs_rest_upper]]-tFunnel[[#This Row],[gap_vs_rest]] -> 1.0915349e-05
A106: continent | B106: 3 | C106: oceania | D106: 4 | E106: sessions | F106: 1 | G106: 3745 | H106: 3745 | I106: 3745 | J106: 3745 | K106: 1 | L106: 0.99897529 | M106: 1 | N106: 1 | O106: 0.99897529 | P106: 1 | Q106: 0 | R106: 0 | S106: -0.0010247056 | T106: 1.0917862e-05 | U106: 0 | V106: 0 | W106: =tFunnel[[#This Row],[reach_rate]] -tFunnel[[#This Row],[reach_rate_lower]] -> 0.0010247056 | X106: =tFunnel[[#This Row],[reach_rate_upper]]-tFunnel[[#This Row],[reach_rate]] -> 0 | Y106: =tFunnel[[#This Row],[step_conversion]]-tFunnel[[#This Row],[step_conversion_lower]] -> 0.0010247056 | Z106: =tFunnel[[#This Row],[step_conversion_upper]]-tFunnel[[#This Row],[step_conversion]] -> 0 | AA106: =tFunnel[[#This Row],[gap_vs_rest]]-tFunnel[[#This Row],[gap_vs_rest_lower]] -> 0.0010247056 | AB106: =tFunnel[[#This Row],[gap_vs_rest_upper]]-tFunnel[[#This Row],[gap_vs_rest]] -> 1.0917862e-05
A107: continent | B107: 3 | C107: europe | D107: 3 | E107: sessions | F107: 1 | G107: 66291 | H107: 66291 | I107: 66291 | J107: 66291 | K107: 1 | L107: 0.99994205 | M107: 1 | N107: 1 | O107: 0.99994205 | P107: 1 | Q107: 0 | R107: 0 | S107: -5.7945065e-05 | T107: 1.3278239e-05 | U107: 0 | V107: 0 | W107: =tFunnel[[#This Row],[reach_rate]] -tFunnel[[#This Row],[reach_rate_lower]] -> 5.7945065e-05 | X107: =tFunnel[[#This Row],[reach_rate_upper]]-tFunnel[[#This Row],[reach_rate]] -> 0 | Y107: =tFunnel[[#This Row],[step_conversion]]-tFunnel[[#This Row],[step_conversion_lower]] -> 5.7945065e-05 | Z107: =tFunnel[[#This Row],[step_conversion_upper]]-tFunnel[[#This Row],[step_conversion]] -> 0 | AA107: =tFunnel[[#This Row],[gap_vs_rest]]-tFunnel[[#This Row],[gap_vs_rest_lower]] -> 5.7945065e-05 | AB107: =tFunnel[[#This Row],[gap_vs_rest_upper]]-tFunnel[[#This Row],[gap_vs_rest]] -> 1.3278239e-05
A108: continent | B108: 3 | C108: asia | D108: 2 | E108: sessions | F108: 1 | G108: 84481 | H108: 84481 | I108: 84481 | J108: 84481 | K108: 1 | L108: 0.99995453 | M108: 1 | N108: 1 | O108: 0.99995453 | P108: 1 | Q108: 0 | R108: 0 | S108: -4.5469209e-05 | T108: 1.4169121e-05 | U108: 0 | V108: 0 | W108: =tFunnel[[#This Row],[reach_rate]] -tFunnel[[#This Row],[reach_rate_lower]] -> 4.5469209e-05 | X108: =tFunnel[[#This Row],[reach_rate_upper]]-tFunnel[[#This Row],[reach_rate]] -> 0 | Y108: =tFunnel[[#This Row],[step_conversion]]-tFunnel[[#This Row],[step_conversion_lower]] -> 4.5469209e-05 | Z108: =tFunnel[[#This Row],[step_conversion_upper]]-tFunnel[[#This Row],[step_conversion]] -> 0 | AA108: =tFunnel[[#This Row],[gap_vs_rest]]-tFunnel[[#This Row],[gap_vs_rest_lower]] -> 4.5469209e-05 | AB108: =tFunnel[[#This Row],[gap_vs_rest_upper]]-tFunnel[[#This Row],[gap_vs_rest]] -> 1.4169121e-05
A109: continent | B109: 3 | C109: americas | D109: 1 | E109: sessions | F109: 1 | G109: 196608 | H109: 196608 | I109: 196608 | J109: 196608 | K109: 1 | L109: 0.99998046 | M109: 1 | N109: 1 | O109: 0.99998046 | P109: 1 | Q109: 0 | R109: 0 | S109: -1.9538289e-05 | T109: 2.4161966e-05 | U109: 0 | V109: 0 | W109: =tFunnel[[#This Row],[reach_rate]] -tFunnel[[#This Row],[reach_rate_lower]] -> 1.9538289e-05 | X109: =tFunnel[[#This Row],[reach_rate_upper]]-tFunnel[[#This Row],[reach_rate]] -> 0 | Y109: =tFunnel[[#This Row],[step_conversion]]-tFunnel[[#This Row],[step_conversion_lower]] -> 1.9538289e-05 | Z109: =tFunnel[[#This Row],[step_conversion_upper]]-tFunnel[[#This Row],[step_conversion]] -> 0 | AA109: =tFunnel[[#This Row],[gap_vs_rest]]-tFunnel[[#This Row],[gap_vs_rest_lower]] -> 1.9538289e-05 | AB109: =tFunnel[[#This Row],[gap_vs_rest_upper]]-tFunnel[[#This Row],[gap_vs_rest]] -> 2.4161966e-05
... A112: device_category | B112: 2 | C112: desktop | D112: 1 | E112: sessions | F112: 1 | G112: 206354 | H112: 206354 | I112: 206354 | J112: 206354 | K112: 1 | L112: 0.99998138 | M112: 1 | N112: 1 | O112: 0.99998138 | P112: 1 | Q112: 0 | R112: 0 | S112: -1.8615522e-05 | T112: 2.5739825e-05 | U112: 0 | V112: 0 | W112: =tFunnel[[#This Row],[reach_rate]] -tFunnel[[#This Row],[reach_rate_lower]] -> 1.8615522e-05 | X112: =tFunnel[[#This Row],[reach_rate_upper]]-tFunnel[[#This Row],[reach_rate]] -> 0 | Y112: =tFunnel[[#This Row],[step_conversion]]-tFunnel[[#This Row],[step_conversion_lower]] -> 1.8615522e-05 | Z112: =tFunnel[[#This Row],[step_conversion_upper]]-tFunnel[[#This Row],[step_conversion]] -> 0 | AA112: =tFunnel[[#This Row],[gap_vs_rest]]-tFunnel[[#This Row],[gap_vs_rest_lower]] -> 1.8615522e-05 | AB112: =tFunnel[[#This Row],[gap_vs_rest_upper]]-tFunnel[[#This Row],[gap_vs_rest]] -> 2.5739825e-05
A113: overall | B113: 1 | C113: all sessions | D113: 0 | E113: sessions | F113: 1 | G113: 355592 | H113: 355592 | I113: 355592 | J113: 355592 | K113: 1 | L113: 0.9999892 | M113: 1 | N113: 1 | O113: 0.9999892 | P113: 1 | Q113: 0 | U113: 0 | V113: 0 | W113: =tFunnel[[#This Row],[reach_rate]] -tFunnel[[#This Row],[reach_rate_lower]] -> 1.0802879e-05 | X113: =tFunnel[[#This Row],[reach_rate_upper]]-tFunnel[[#This Row],[reach_rate]] -> 0 | Y113: =tFunnel[[#This Row],[step_conversion]]-tFunnel[[#This Row],[step_conversion_lower]] -> 1.0802879e-05 | Z113: =tFunnel[[#This Row],[step_conversion_upper]]-tFunnel[[#This Row],[step_conversion]] -> 0 | AA113: =tFunnel[[#This Row],[gap_vs_rest]]-tFunnel[[#This Row],[gap_vs_rest_lower]] -> 0 | AB113: =tFunnel[[#This Row],[gap_vs_rest_upper]]-tFunnel[[#This Row],[gap_vs_rest]] -> 0

Sheet calc
A1: step_sort | B1: step | C1: label | D1: sessions_reached | E1: reach_rate | F1: reach_rate_lower | G1: reach_rate_upper | H1: step_conversion | I1: step_conversion_lower | J1: step_conversion_upper | K1: skipped_prev_share | L1: conv_err_minus | M1: conv_err_plus | N1: bar_label | P1: steps | R1: segment_type | S1: segment_value | T1: segment_sessions | U1: reach_rate | V1: reach_rate_lower | W1: reach_rate_upper | X1: gap_vs_rest | Y1: gap_vs_rest_lower | Z1: gap_vs_rest_upper | AA1: is_thin_segment | AB1: gap_err_minus | AC1: gap_err_plus | AD1: group | AE1: segment | AF1: differs | AG1: within_noise | AI1: week_label | AJ1: sessions | AK1: conversion | AL1: cr_err_minus | AM1: cr_err_plus | AO1: category | AP1: sessions_viewed | AQ1: view_to_purchase | AR1: v2p_err_minus | AS1: v2p_err_plus | AT1: is_thin | AU1: label | AV1: highlight | AW1: others
A2: {=_xlfn.SEQUENCE(7,,1,1)} -> 1 | B2: {=_xlfn.XLOOKUP(1,(tFunnel[segment_type]="overall")*(tFunnel[step_sort]=$A2),tFunnel[step])} -> sessions | C2: {=_xlfn.SWITCH(B2,"sessions","All sessions","view_item","Viewed a product","add_to_cart","Added to cart","begin_checkout","Began checkout","add_shipping_info","Added shipping info","add_payment_info","Added payment info","purchase","Purchased")} -> All sessions | D2: {=_xlfn.XLOOKUP(1,(tFunnel[[segment_type]:[segment_type]]="overall")*(tFunnel[[step_sort]:[step_sort]]=$A2),INDEX(tFunnel[],0,MATCH(D$1,tFunnel[#Headers],0)))} -> 355592 | E2: {=_xlfn.XLOOKUP(1,(tFunnel[[segment_type]:[segment_type]]="overall")*(tFunnel[[step_sort]:[step_sort]]=$A2),INDEX(tFunnel[],0,MATCH(E$1,tFunnel[#Headers],0)))} -> 1 | F2: {=_xlfn.XLOOKUP(1,(tFunnel[[segment_type]:[segment_type]]="overall")*(tFunnel[[step_sort]:[step_sort]]=$A2),INDEX(tFunnel[],0,MATCH(F$1,tFunnel[#Headers],0)))} -> 0.9999892 | G2: {=_xlfn.XLOOKUP(1,(tFunnel[[segment_type]:[segment_type]]="overall")*(tFunnel[[step_sort]:[step_sort]]=$A2),INDEX(tFunnel[],0,MATCH(G$1,tFunnel[#Headers],0)))} -> 1 | H2: {=_xlfn.XLOOKUP(1,(tFunnel[[segment_type]:[segment_type]]="overall")*(tFunnel[[step_sort]:[step_sort]]=$A2),INDEX(tFunnel[],0,MATCH(H$1,tFunnel[#Headers],0)))} -> 1 | I2: {=_xlfn.XLOOKUP(1,(tFunnel[[segment_type]:[segment_type]]="overall")*(tFunnel[[step_sort]:[step_sort]]=$A2),INDEX(tFunnel[],0,MATCH(I$1,tFunnel[#Headers],0)))} -> 0.9999892 | J2: {=_xlfn.XLOOKUP(1,(tFunnel[[segment_type]:[segment_type]]="overall")*(tFunnel[[step_sort]:[step_sort]]=$A2),INDEX(tFunnel[],0,MATCH(J$1,tFunnel[#Headers],0)))} -> 1 | K2: {=_xlfn.XLOOKUP(1,(tFunnel[[segment_type]:[segment_type]]="overall")*(tFunnel[[step_sort]:[step_sort]]=$A2),INDEX(tFunnel[],0,MATCH(K$1,tFunnel[#Headers],0)))} -> 0 | ... M2: {=_xlfn.XLOOKUP(1,(tFunnel[[segment_type]:[segment_type]]="overall")*(tFunnel[[step_sort]:[step_sort]]=$A2),INDEX(tFunnel[],0,MATCH(M$1,tFunnel[#Headers],0)))} -> 0 | N2: =TEXT(D2,"#,##0")&" "&TEXT(E2,"0.0%") -> 355,592 100.0% | P2: sessions | R2: {=_xlfn.LET(_xlpm.sel,'2 Leaks'!$C$5, _xlpm.src,tFunnel[[segment_type]:[is_thin_segment]], _xlpm.rows,_xlfn._xlws.FILTER(_xlpm.src,(tFunnel[step]=_xlpm.sel)*(tFunnel[segment_type]<>"overall")), _xlpm.sorted,_xlfn.SORTBY(_xlpm.rows,INDEX(_xlpm.rows,,2),1,INDEX(_xlpm.rows,,4),1), INDEX(_xlpm.sorted,_xlfn.SEQUENCE(ROWS(_xlpm.sorted)),{1,3,7,11,12,13,18,19,20,21}))} -> device_category | S2: desktop | T2: 206354 | U2: 0.013268461 | V2: 0.012783757 | W2: 0.013771287 | X2: -0.00083652567 | Y2: -0.001616371 | Z2: -6.443934e-05 | AA2: 0 | AB2: {=INDEX(_xlfn.ANCHORARRAY(R2),,7)-INDEX(_xlfn.ANCHORARRAY(R2),,8)} -> 0.0007798453 | AC2: {=INDEX(_xlfn.ANCHORARRAY(R2),,9)-INDEX(_xlfn.ANCHORARRAY(R2),,7)} -> 0.00077208633 | AD2: {=IF(R2=R1,"",_xlfn.SWITCH(R2,"device_category","Device","continent","Continent","channel","Channel"))} -> Device | AE2: =S2&IF(AA2=1," (thin)","") -> desktop | AF2: =IF(OR(Y2>0,Z2<0),X2,NA()) -> -0.00083652567 | AG2: =IF(OR(Y2>0,Z2<0),NA(),X2) -> #N/A | AI2: {=_xlfn.LET(_xlpm.keep,tWeekly[is_partial_week]=0, _xlpm.r,_xlfn.SORTBY(_xlfn._xlws.FILTER(tWeekly[],_xlpm.keep),_xlfn._xlws.FILTER(tWeekly[week_sort],_xlpm.keep),1), INDEX(_xlpm.r,_xlfn.SEQUENCE(ROWS(_xlpm.r)),{2,6,11,14,15}))} -> 02 Nov | AJ2: 24630 | AK2: 0.010109622 | AL2: 0.0011751709 | AM2: 0.0013279602 | AO2: {=_xlfn.LET(_xlpm.r,_xlfn.SORTBY(tProduct[],tProduct[category_sort],1), INDEX(_xlpm.r,_xlfn.SEQUENCE(12),{1,3,12,16,17,15}))} -> home/apparel/men's / unisex/ | AP2: 32904 | AQ2: 0.050480185 | AR2: 0 | AS2: 0.002313542 | AT2: 0 | AU2: =_xlfn.LET(_xlpm.c,IF(LEFT(AO2,5)="home/",MID(AO2,6,99),AO2),IF(RIGHT(_xlpm.c,1)="/",LEFT(_xlpm.c,LEN(_xlpm.c)-1),_xlpm.c))&IF(AT2=1," (thin)","") -> apparel/men's / unisex | AV2: =IF(ROW()=2,AQ2,NA()) -> 0.050480185 | AW2: =IF(ROW()=2,NA(),AQ2) -> #N/A
A3: 2 | B3: {=_xlfn.XLOOKUP(1,(tFunnel[segment_type]="overall")*(tFunnel[step_sort]=$A3),tFunnel[step])} -> view_item | C3: {=_xlfn.SWITCH(B3,"sessions","All sessions","view_item","Viewed a product","add_to_cart","Added to cart","begin_checkout","Began checkout","add_shipping_info","Added shipping info","add_payment_info","Added payment info","purchase","Purchased")} -> Viewed a product | D3: {=_xlfn.XLOOKUP(1,(tFunnel[[segment_type]:[segment_type]]="overall")*(tFunnel[[step_sort]:[step_sort]]=$A3),INDEX(tFunnel[],0,MATCH(D$1,tFunnel[#Headers],0)))} -> 76533 | E3: {=_xlfn.XLOOKUP(1,(tFunnel[[segment_type]:[segment_type]]="overall")*(tFunnel[[step_sort]:[step_sort]]=$A3),INDEX(tFunnel[],0,MATCH(E$1,tFunnel[#Headers],0)))} -> 0.215227 | F3: {=_xlfn.XLOOKUP(1,(tFunnel[[segment_type]:[segment_type]]="overall")*(tFunnel[[step_sort]:[step_sort]]=$A3),INDEX(tFunnel[],0,MATCH(F$1,tFunnel[#Headers],0)))} -> 0.21387928 | G3: {=_xlfn.XLOOKUP(1,(tFunnel[[segment_type]:[segment_type]]="overall")*(tFunnel[[step_sort]:[step_sort]]=$A3),INDEX(tFunnel[],0,MATCH(G$1,tFunnel[#Headers],0)))} -> 0.21658088 | H3: {=_xlfn.XLOOKUP(1,(tFunnel[[segment_type]:[segment_type]]="overall")*(tFunnel[[step_sort]:[step_sort]]=$A3),INDEX(tFunnel[],0,MATCH(H$1,tFunnel[#Headers],0)))} -> 0.215227 | I3: {=_xlfn.XLOOKUP(1,(tFunnel[[segment_type]:[segment_type]]="overall")*(tFunnel[[step_sort]:[step_sort]]=$A3),INDEX(tFunnel[],0,MATCH(I$1,tFunnel[#Headers],0)))} -> 0.21387928 | J3: {=_xlfn.XLOOKUP(1,(tFunnel[[segment_type]:[segment_type]]="overall")*(tFunnel[[step_sort]:[step_sort]]=$A3),INDEX(tFunnel[],0,MATCH(J$1,tFunnel[#Headers],0)))} -> 0.21658088 | K3: {=_xlfn.XLOOKUP(1,(tFunnel[[segment_type]:[segment_type]]="overall")*(tFunnel[[step_sort]:[step_sort]]=$A3),INDEX(tFunnel[],0,MATCH(K$1,tFunnel[#Headers],0)))} -> 0 | ... M3: {=_xlfn.XLOOKUP(1,(tFunnel[[segment_type]:[segment_type]]="overall")*(tFunnel[[step_sort]:[step_sort]]=$A3),INDEX(tFunnel[],0,MATCH(M$1,tFunnel[#Headers],0)))} -> 0.0013538771 | N3: =TEXT(D3,"#,##0")&" "&TEXT(E3,"0.0%") -> 76,533 21.5% | P3: view_item | R3: device_category | S3: mobile | T3: 141352 | U3: 0.014177373 | V3: 0.013574139 | W3: 0.014807012 | X3: 0.00092587915 | Y3: 0.00014680848 | Z3: 0.0017149285 | AA3: 0 | AB3: 0.00077907067 | AC3: 0.00078904939 | AD3: {=IF(R3=R2,"",_xlfn.SWITCH(R3,"device_category","Device","continent","Continent","channel","Channel"))} | AE3: =S3&IF(AA3=1," (thin)","") -> mobile | AF3: =IF(OR(Y3>0,Z3<0),X3,NA()) -> 0.00092587915 | AG3: =IF(OR(Y3>0,Z3<0),NA(),X3) -> #N/A | AI3: 09 Nov | AJ3: 22177 | AK3: 0.015376291 | AL3: 0.0015375154 | AM3: 0.0017053776 | AO3: home/apparel/hats/ | AP3: 22236 | AQ3: 0.026083828 | AR3: 0 | AS3: 0.0020144731 | AT3: 0 | AU3: =_xlfn.LET(_xlpm.c,IF(LEFT(AO3,5)="home/",MID(AO3,6,99),AO3),IF(RIGHT(_xlpm.c,1)="/",LEFT(_xlpm.c,LEN(_xlpm.c)-1),_xlpm.c))&IF(AT3=1," (thin)","") -> apparel/hats | AV3: =IF(ROW()=2,AQ3,NA()) -> #N/A | AW3: =IF(ROW()=2,NA(),AQ3) -> 0.026083828
A4: 3 | B4: {=_xlfn.XLOOKUP(1,(tFunnel[segment_type]="overall")*(tFunnel[step_sort]=$A4),tFunnel[step])} -> add_to_cart | C4: {=_xlfn.SWITCH(B4,"sessions","All sessions","view_item","Viewed a product","add_to_cart","Added to cart","begin_checkout","Began checkout","add_shipping_info","Added shipping info","add_payment_info","Added payment info","purchase","Purchased")} -> Added to cart | D4: {=_xlfn.XLOOKUP(1,(tFunnel[[segment_type]:[segment_type]]="overall")*(tFunnel[[step_sort]:[step_sort]]=$A4),INDEX(tFunnel[],0,MATCH(D$1,tFunnel[#Headers],0)))} -> 15106 | E4: {=_xlfn.XLOOKUP(1,(tFunnel[[segment_type]:[segment_type]]="overall")*(tFunnel[[step_sort]:[step_sort]]=$A4),INDEX(tFunnel[],0,MATCH(E$1,tFunnel[#Headers],0)))} -> 0.042481271 | F4: {=_xlfn.XLOOKUP(1,(tFunnel[[segment_type]:[segment_type]]="overall")*(tFunnel[[step_sort]:[step_sort]]=$A4),INDEX(tFunnel[],0,MATCH(F$1,tFunnel[#Headers],0)))} -> 0.041823304 | G4: {=_xlfn.XLOOKUP(1,(tFunnel[[segment_type]:[segment_type]]="overall")*(tFunnel[[step_sort]:[step_sort]]=$A4),INDEX(tFunnel[],0,MATCH(G$1,tFunnel[#Headers],0)))} -> 0.043149123 | H4: {=_xlfn.XLOOKUP(1,(tFunnel[[segment_type]:[segment_type]]="overall")*(tFunnel[[step_sort]:[step_sort]]=$A4),INDEX(tFunnel[],0,MATCH(H$1,tFunnel[#Headers],0)))} -> 0.19716985 | I4: {=_xlfn.XLOOKUP(1,(tFunnel[[segment_type]:[segment_type]]="overall")*(tFunnel[[step_sort]:[step_sort]]=$A4),INDEX(tFunnel[],0,MATCH(I$1,tFunnel[#Headers],0)))} -> 0.19436633 | J4: {=_xlfn.XLOOKUP(1,(tFunnel[[segment_type]:[segment_type]]="overall")*(tFunnel[[step_sort]:[step_sort]]=$A4),INDEX(tFunnel[],0,MATCH(J$1,tFunnel[#Headers],0)))} -> 0.20000376 | K4: {=_xlfn.XLOOKUP(1,(tFunnel[[segment_type]:[segment_type]]="overall")*(tFunnel[[step_sort]:[step_sort]]=$A4),INDEX(tFunnel[],0,MATCH(K$1,tFunnel[#Headers],0)))} -> 0.0010591818 | ... M4: {=_xlfn.XLOOKUP(1,(tFunnel[[segment_type]:[segment_type]]="overall")*(tFunnel[[step_sort]:[step_sort]]=$A4),INDEX(tFunnel[],0,MATCH(M$1,tFunnel[#Headers],0)))} -> 0.0028339147 | N4: =TEXT(D4,"#,##0")&" "&TEXT(E4,"0.0%") -> 15,106 4.2% | P4: add_to_cart | R4: device_category | S4: tablet | T4: 7886 | U4: 0.012807507 | V4: 0.010552285 | W4: 0.015537144 | X4: -0.00083045153 | Y4: -0.0031193039 | Z4: 0.0019255331 | AA4: 0 | AB4: 0.0022888523 | AC4: 0.0027559846 | AD4: {=IF(R4=R3,"",_xlfn.SWITCH(R4,"device_category","Device","continent","Continent","channel","Channel"))} | AE4: =S4&IF(AA4=1," (thin)","") -> tablet | AF4: =IF(OR(Y4>0,Z4<0),X4,NA()) -> #N/A | AG4: =IF(OR(Y4>0,Z4<0),NA(),X4) -> -0.00083045153 | AI4: 16 Nov | AJ4: 25488 | AK4: 0.014634338 | AL4: 0.0014027916 | AM4: 0.0015490746 | AO4: home/sale/ | AP4: 21802 | AQ4: 0.029079901 | AR4: 0 | AS4: 0.0021488132 | AT4: 0 | AU4: =_xlfn.LET(_xlpm.c,IF(LEFT(AO4,5)="home/",MID(AO4,6,99),AO4),IF(RIGHT(_xlpm.c,1)="/",LEFT(_xlpm.c,LEN(_xlpm.c)-1),_xlpm.c))&IF(AT4=1," (thin)","") -> sale | AV4: =IF(ROW()=2,AQ4,NA()) -> #N/A | AW4: =IF(ROW()=2,NA(),AQ4) -> 0.029079901
A5: 4 | B5: {=_xlfn.XLOOKUP(1,(tFunnel[segment_type]="overall")*(tFunnel[step_sort]=$A5),tFunnel[step])} -> begin_checkout | C5: {=_xlfn.SWITCH(B5,"sessions","All sessions","view_item","Viewed a product","add_to_cart","Added to cart","begin_checkout","Began checkout","add_shipping_info","Added shipping info","add_payment_info","Added payment info","purchase","Purchased")} -> Began checkout | D5: {=_xlfn.XLOOKUP(1,(tFunnel[[segment_type]:[segment_type]]="overall")*(tFunnel[[step_sort]:[step_sort]]=$A5),INDEX(tFunnel[],0,MATCH(D$1,tFunnel[#Headers],0)))} -> 11063 | E5: {=_xlfn.XLOOKUP(1,(tFunnel[[segment_type]:[segment_type]]="overall")*(tFunnel[[step_sort]:[step_sort]]=$A5),INDEX(tFunnel[],0,MATCH(E$1,tFunnel[#Headers],0)))} -> 0.031111499 | F5: {=_xlfn.XLOOKUP(1,(tFunnel[[segment_type]:[segment_type]]="overall")*(tFunnel[[step_sort]:[step_sort]]=$A5),INDEX(tFunnel[],0,MATCH(F$1,tFunnel[#Headers],0)))} -> 0.030545895 | G5: {=_xlfn.XLOOKUP(1,(tFunnel[[segment_type]:[segment_type]]="overall")*(tFunnel[[step_sort]:[step_sort]]=$A5),INDEX(tFunnel[],0,MATCH(G$1,tFunnel[#Headers],0)))} -> 0.031687233 | H5: {=_xlfn.XLOOKUP(1,(tFunnel[[segment_type]:[segment_type]]="overall")*(tFunnel[[step_sort]:[step_sort]]=$A5),INDEX(tFunnel[],0,MATCH(H$1,tFunnel[#Headers],0)))} -> 0.39401562 | I5: {=_xlfn.XLOOKUP(1,(tFunnel[[segment_type]:[segment_type]]="overall")*(tFunnel[[step_sort]:[step_sort]]=$A5),INDEX(tFunnel[],0,MATCH(I$1,tFunnel[#Headers],0)))} -> 0.3862513 | J5: {=_xlfn.XLOOKUP(1,(tFunnel[[segment_type]:[segment_type]]="overall")*(tFunnel[[step_sort]:[step_sort]]=$A5),INDEX(tFunnel[],0,MATCH(J$1,tFunnel[#Headers],0)))} -> 0.40183384 | K5: {=_xlfn.XLOOKUP(1,(tFunnel[[segment_type]:[segment_type]]="overall")*(tFunnel[[step_sort]:[step_sort]]=$A5),INDEX(tFunnel[],0,MATCH(K$1,tFunnel[#Headers],0)))} -> 0.46199042 | ... M5: {=_xlfn.XLOOKUP(1,(tFunnel[[segment_type]:[segment_type]]="overall")*(tFunnel[[step_sort]:[step_sort]]=$A5),INDEX(tFunnel[],0,MATCH(M$1,tFunnel[#Headers],0)))} -> 0.0078182135 | N5: =TEXT(D5,"#,##0")&" "&TEXT(E5,"0.0%") -> 11,063 3.1% | P5: begin_checkout | R5: continent | S5: americas | T5: 196608 | U5: 0.013809204 | V5: 0.013302784 | W5: 0.014334623 | X5: 0.00042420939 | Y5: -0.0003433207 | Z5: 0.0011871866 | AA5: 0 | AB5: 0.00076753009 | AC5: 0.00076297719 | AD5: {=IF(R5=R4,"",_xlfn.SWITCH(R5,"device_category","Device","continent","Continent","channel","Channel"))} -> Continent | AE5: =S5&IF(AA5=1," (thin)","") -> americas | AF5: =IF(OR(Y5>0,Z5<0),X5,NA()) -> #N/A | AG5: =IF(OR(Y5>0,Z5<0),NA(),X5) -> 0.00042420939 | AI5: 23 Nov | AJ5: 27376 | AK5: 0.01877557 | AL5: 0.001541631 | AM5: 0.001676665 | AO5: home/shop by brand/youtube/ | AP5: 18021 | AQ5: 0.013151323 | AR5: 0 | AS5: 0.0015625915 | AT5: 0 | AU5: =_xlfn.LET(_xlpm.c,IF(LEFT(AO5,5)="home/",MID(AO5,6,99),AO5),IF(RIGHT(_xlpm.c,1)="/",LEFT(_xlpm.c,LEN(_xlpm.c)-1),_xlpm.c))&IF(AT5=1," (thin)","") -> shop by brand/youtube | AV5: =IF(ROW()=2,AQ5,NA()) -> #N/A | AW5: =IF(ROW()=2,NA(),AQ5) -> 0.013151323
A6: 5 | B6: {=_xlfn.XLOOKUP(1,(tFunnel[segment_type]="overall")*(tFunnel[step_sort]=$A6),tFunnel[step])} -> add_shipping_info | C6: {=_xlfn.SWITCH(B6,"sessions","All sessions","view_item","Viewed a product","add_to_cart","Added to cart","begin_checkout","Began checkout","add_shipping_info","Added shipping info","add_payment_info","Added payment info","purchase","Purchased")} -> Added shipping info | D6: {=_xlfn.XLOOKUP(1,(tFunnel[[segment_type]:[segment_type]]="overall")*(tFunnel[[step_sort]:[step_sort]]=$A6),INDEX(tFunnel[],0,MATCH(D$1,tFunnel[#Headers],0)))} -> 11062 | E6: {=_xlfn.XLOOKUP(1,(tFunnel[[segment_type]:[segment_type]]="overall")*(tFunnel[[step_sort]:[step_sort]]=$A6),INDEX(tFunnel[],0,MATCH(E$1,tFunnel[#Headers],0)))} -> 0.031108686 | F6: {=_xlfn.XLOOKUP(1,(tFunnel[[segment_type]:[segment_type]]="overall")*(tFunnel[[step_sort]:[step_sort]]=$A6),INDEX(tFunnel[],0,MATCH(F$1,tFunnel[#Headers],0)))} -> 0.030543108 | G6: {=_xlfn.XLOOKUP(1,(tFunnel[[segment_type]:[segment_type]]="overall")*(tFunnel[[step_sort]:[step_sort]]=$A6),INDEX(tFunnel[],0,MATCH(G$1,tFunnel[#Headers],0)))} -> 0.031684396 | H6: {=_xlfn.XLOOKUP(1,(tFunnel[[segment_type]:[segment_type]]="overall")*(tFunnel[[step_sort]:[step_sort]]=$A6),INDEX(tFunnel[],0,MATCH(H$1,tFunnel[#Headers],0)))} -> 0.99981922 | I6: {=_xlfn.XLOOKUP(1,(tFunnel[[segment_type]:[segment_type]]="overall")*(tFunnel[[step_sort]:[step_sort]]=$A6),INDEX(tFunnel[],0,MATCH(I$1,tFunnel[#Headers],0)))} -> 0.99934102 | J6: {=_xlfn.XLOOKUP(1,(tFunnel[[segment_type]:[segment_type]]="overall")*(tFunnel[[step_sort]:[step_sort]]=$A6),INDEX(tFunnel[],0,MATCH(J$1,tFunnel[#Headers],0)))} -> 0.99995042 | K6: {=_xlfn.XLOOKUP(1,(tFunnel[[segment_type]:[segment_type]]="overall")*(tFunnel[[step_sort]:[step_sort]]=$A6),INDEX(tFunnel[],0,MATCH(K$1,tFunnel[#Headers],0)))} -> 9.0399566e-05 | ... M6: {=_xlfn.XLOOKUP(1,(tFunnel[[segment_type]:[segment_type]]="overall")*(tFunnel[[step_sort]:[step_sort]]=$A6),INDEX(tFunnel[],0,MATCH(M$1,tFunnel[#Headers],0)))} -> 0.00013120423 | N6: =TEXT(D6,"#,##0")&" "&TEXT(E6,"0.0%") -> 11,062 3.1% | P6: add_shipping_info | R6: continent | S6: asia | T6: 84481 | U6: 0.013316604 | V6: 0.012565479 | W6: 0.014111987 | X6: -0.00039733631 | Y6: -0.0012702435 | Z6: 0.00050728825 | AA6: 0 | AB6: 0.0008729072 | AC6: 0.00090462456 | AD6: {=IF(R6=R5,"",_xlfn.SWITCH(R6,"device_category","Device","continent","Continent","channel","Channel"))} | AE6: =S6&IF(AA6=1," (thin)","") -> asia | AF6: =IF(OR(Y6>0,Z6<0),X6,NA()) -> #N/A | AG6: =IF(OR(Y6>0,Z6<0),NA(),X6) -> -0.00039733631 | AI6: 30 Nov | AJ6: 30633 | AK6: 0.019260275 | AL6: 0.001479886 | AM6: 0.0016004429 | AO6: home/new/ | AP6: 17171 | AQ6: 0.017296605 | AR6: 0 | AS6: 0.0018448365 | AT6: 0 | AU6: =_xlfn.LET(_xlpm.c,IF(LEFT(AO6,5)="home/",MID(AO6,6,99),AO6),IF(RIGHT(_xlpm.c,1)="/",LEFT(_xlpm.c,LEN(_xlpm.c)-1),_xlpm.c))&IF(AT6=1," (thin)","") -> new | AV6: =IF(ROW()=2,AQ6,NA()) -> #N/A | AW6: =IF(ROW()=2,NA(),AQ6) -> 0.017296605
A7: 6 | B7: {=_xlfn.XLOOKUP(1,(tFunnel[segment_type]="overall")*(tFunnel[step_sort]=$A7),tFunnel[step])} -> add_payment_info | C7: {=_xlfn.SWITCH(B7,"sessions","All sessions","view_item","Viewed a product","add_to_cart","Added to cart","begin_checkout","Began checkout","add_shipping_info","Added shipping info","add_payment_info","Added payment info","purchase","Purchased")} -> Added payment info | D7: {=_xlfn.XLOOKUP(1,(tFunnel[[segment_type]:[segment_type]]="overall")*(tFunnel[[step_sort]:[step_sort]]=$A7),INDEX(tFunnel[],0,MATCH(D$1,tFunnel[#Headers],0)))} -> 6786 | E7: {=_xlfn.XLOOKUP(1,(tFunnel[[segment_type]:[segment_type]]="overall")*(tFunnel[[step_sort]:[step_sort]]=$A7),INDEX(tFunnel[],0,MATCH(E$1,tFunnel[#Headers],0)))} -> 0.019083669 | F7: {=_xlfn.XLOOKUP(1,(tFunnel[[segment_type]:[segment_type]]="overall")*(tFunnel[[step_sort]:[step_sort]]=$A7),INDEX(tFunnel[],0,MATCH(F$1,tFunnel[#Headers],0)))} -> 0.018639141 | G7: {=_xlfn.XLOOKUP(1,(tFunnel[[segment_type]:[segment_type]]="overall")*(tFunnel[[step_sort]:[step_sort]]=$A7),INDEX(tFunnel[],0,MATCH(G$1,tFunnel[#Headers],0)))} -> 0.019538588 | H7: {=_xlfn.XLOOKUP(1,(tFunnel[[segment_type]:[segment_type]]="overall")*(tFunnel[[step_sort]:[step_sort]]=$A7),INDEX(tFunnel[],0,MATCH(H$1,tFunnel[#Headers],0)))} -> 0.61318026 | I7: {=_xlfn.XLOOKUP(1,(tFunnel[[segment_type]:[segment_type]]="overall")*(tFunnel[[step_sort]:[step_sort]]=$A7),INDEX(tFunnel[],0,MATCH(I$1,tFunnel[#Headers],0)))} -> 0.60406677 | J7: {=_xlfn.XLOOKUP(1,(tFunnel[[segment_type]:[segment_type]]="overall")*(tFunnel[[step_sort]:[step_sort]]=$A7),INDEX(tFunnel[],0,MATCH(J$1,tFunnel[#Headers],0)))} -> 0.62221517 | K7: {=_xlfn.XLOOKUP(1,(tFunnel[[segment_type]:[segment_type]]="overall")*(tFunnel[[step_sort]:[step_sort]]=$A7),INDEX(tFunnel[],0,MATCH(K$1,tFunnel[#Headers],0)))} -> 0.00044208665 | ... M7: {=_xlfn.XLOOKUP(1,(tFunnel[[segment_type]:[segment_type]]="overall")*(tFunnel[[step_sort]:[step_sort]]=$A7),INDEX(tFunnel[],0,MATCH(M$1,tFunnel[#Headers],0)))} -> 0.0090349098 | N7: =TEXT(D7,"#,##0")&" "&TEXT(E7,"0.0%") -> 6,786 1.9% | P7: add_payment_info | R7: continent | S7: europe | T7: 66291 | U7: 0.013546334 | V7: 0.012694121 | W7: 0.014454921 | X7: -8.9982911e-05 | Y7: -0.001044135 | Z7: 0.0009093936 | AA7: 0 | AB7: 0.00095415204 | AC7: 0.00099937651 | AD7: {=IF(R7=R6,"",_xlfn.SWITCH(R7,"device_category","Device","continent","Continent","channel","Channel"))} | AE7: =S7&IF(AA7=1," (thin)","") -> europe | AF7: =IF(OR(Y7>0,Z7<0),X7,NA()) -> #N/A | AG7: =IF(OR(Y7>0,Z7<0),NA(),X7) -> -8.9982911e-05 | AI7: 07 Dec | AJ7: 38220 | AK7: 0.02014652 | AL7: 0.0013611157 | AM7: 0.0014575653 | AO7: lifestyle/ | AP7: 12978 | AQ7: 0.060564031 | AR7: 0 | AS7: 0.0039752097 | AT7: 0 | AU7: =_xlfn.LET(_xlpm.c,IF(LEFT(AO7,5)="home/",MID(AO7,6,99),AO7),IF(RIGHT(_xlpm.c,1)="/",LEFT(_xlpm.c,LEN(_xlpm.c)-1),_xlpm.c))&IF(AT7=1," (thin)","") -> lifestyle | AV7: =IF(ROW()=2,AQ7,NA()) -> #N/A | AW7: =IF(ROW()=2,NA(),AQ7) -> 0.060564031
A8: 7 | B8: {=_xlfn.XLOOKUP(1,(tFunnel[segment_type]="overall")*(tFunnel[step_sort]=$A8),tFunnel[step])} -> purchase | C8: {=_xlfn.SWITCH(B8,"sessions","All sessions","view_item","Viewed a product","add_to_cart","Added to cart","begin_checkout","Began checkout","add_shipping_info","Added shipping info","add_payment_info","Added payment info","purchase","Purchased")} -> Purchased | D8: {=_xlfn.XLOOKUP(1,(tFunnel[[segment_type]:[segment_type]]="overall")*(tFunnel[[step_sort]:[step_sort]]=$A8),INDEX(tFunnel[],0,MATCH(D$1,tFunnel[#Headers],0)))} -> 4843 | E8: {=_xlfn.XLOOKUP(1,(tFunnel[[segment_type]:[segment_type]]="overall")*(tFunnel[[step_sort]:[step_sort]]=$A8),INDEX(tFunnel[],0,MATCH(E$1,tFunnel[#Headers],0)))} -> 0.013619541 | F8: {=_xlfn.XLOOKUP(1,(tFunnel[[segment_type]:[segment_type]]="overall")*(tFunnel[[step_sort]:[step_sort]]=$A8),INDEX(tFunnel[],0,MATCH(F$1,tFunnel[#Headers],0)))} -> 0.013243805 | G8: {=_xlfn.XLOOKUP(1,(tFunnel[[segment_type]:[segment_type]]="overall")*(tFunnel[[step_sort]:[step_sort]]=$A8),INDEX(tFunnel[],0,MATCH(G$1,tFunnel[#Headers],0)))} -> 0.014005787 | H8: {=_xlfn.XLOOKUP(1,(tFunnel[[segment_type]:[segment_type]]="overall")*(tFunnel[[step_sort]:[step_sort]]=$A8),INDEX(tFunnel[],0,MATCH(H$1,tFunnel[#Headers],0)))} -> 0.71323313 | I8: {=_xlfn.XLOOKUP(1,(tFunnel[[segment_type]:[segment_type]]="overall")*(tFunnel[[step_sort]:[step_sort]]=$A8),INDEX(tFunnel[],0,MATCH(I$1,tFunnel[#Headers],0)))} -> 0.70235463 | J8: {=_xlfn.XLOOKUP(1,(tFunnel[[segment_type]:[segment_type]]="overall")*(tFunnel[[step_sort]:[step_sort]]=$A8),INDEX(tFunnel[],0,MATCH(J$1,tFunnel[#Headers],0)))} -> 0.72387035 | K8: {=_xlfn.XLOOKUP(1,(tFunnel[[segment_type]:[segment_type]]="overall")*(tFunnel[[step_sort]:[step_sort]]=$A8),INDEX(tFunnel[],0,MATCH(K$1,tFunnel[#Headers],0)))} -> 0.00061945075 | ... M8: {=_xlfn.XLOOKUP(1,(tFunnel[[segment_type]:[segment_type]]="overall")*(tFunnel[[step_sort]:[step_sort]]=$A8),INDEX(tFunnel[],0,MATCH(M$1,tFunnel[#Headers],0)))} -> 0.010637219 | N8: =TEXT(D8,"#,##0")&" "&TEXT(E8,"0.0%") -> 4,843 1.4% | P8: purchase | R8: continent | S8: oceania | T8: 3745 | U8: 0.013618158 | V8: 0.010373166 | W8: 0.017859946 | X8: -1.3986842e-06 | Y8: -0.0032695428 | Z8: 0.0042571721 | AA8: 0 | AB8: 0.0032681441 | AC8: 0.0042585708 | AD8: {=IF(R8=R7,"",_xlfn.SWITCH(R8,"device_category","Device","continent","Continent","channel","Channel"))} | AE8: =S8&IF(AA8=1," (thin)","") -> oceania | AF8: =IF(OR(Y8>0,Z8<0),X8,NA()) -> #N/A | AG8: =IF(OR(Y8>0,Z8<0),NA(),X8) -> -1.3986842e-06 | AI8: 14 Dec | AJ8: 32973 | AK8: 0.016589331 | AL8: 0.0013233967 | AM8: 0.0014360213 | AO8: home/eco-friendly/ | AP8: 11826 | AQ8: 0.034500254 | AR8: 0 | AS8: 0.0031411755 | AT8: 0 | AU8: =_xlfn.LET(_xlpm.c,IF(LEFT(AO8,5)="home/",MID(AO8,6,99),AO8),IF(RIGHT(_xlpm.c,1)="/",LEFT(_xlpm.c,LEN(_xlpm.c)-1),_xlpm.c))&IF(AT8=1," (thin)","") -> eco-friendly | AV8: =IF(ROW()=2,AQ8,NA()) -> #N/A | AW8: =IF(ROW()=2,NA(),AQ8) -> 0.034500254
R9: continent | S9: africa | T9: 3664 | U9: 0.011735808 | V9: 0.0087246026 | W9: 0.015769765 | X9: -0.0019033456 | Y9: -0.0049395155 | Z9: 0.0021482771 | AA9: 0 | AB9: 0.0030361699 | AC9: 0.0040516227 | AD9: {=IF(R9=R8,"",_xlfn.SWITCH(R9,"device_category","Device","continent","Continent","channel","Channel"))} | AE9: =S9&IF(AA9=1," (thin)","") -> africa | AF9: =IF(OR(Y9>0,Z9<0),X9,NA()) -> #N/A | AG9: =IF(OR(Y9>0,Z9<0),NA(),X9) -> -0.0019033456 | AI9: 21 Dec | AJ9: 21888 | AK9: 0.010645102 | AL9: 0.0012762734 | AM9: 0.0014480119 | AO9: lifestyle/bags/ | AP9: 11431 | AQ9: 0.030880938 | AR9: 0 | AS9: 0.0030171019 | AT9: 0 | AU9: =_xlfn.LET(_xlpm.c,IF(LEFT(AO9,5)="home/",MID(AO9,6,99),AO9),IF(RIGHT(_xlpm.c,1)="/",LEFT(_xlpm.c,LEN(_xlpm.c)-1),_xlpm.c))&IF(AT9=1," (thin)","") -> lifestyle/bags | AV9: =IF(ROW()=2,AQ9,NA()) -> #N/A | AW9: =IF(ROW()=2,NA(),AQ9) -> 0.030880938
R10: continent | S10: unknown | T10: 803 | U10: 0.01369863 | V10: 0.0076660303 | W10: 0.024361896 | X10: 7.9267643e-05 | Y10: -0.0059657126 | Z10: 0.010749166 | AA10: 0 | AB10: 0.0060449803 | AC10: 0.010669898 | AD10: {=IF(R10=R9,"",_xlfn.SWITCH(R10,"device_category","Device","continent","Continent","channel","Channel"))} | AE10: =S10&IF(AA10=1," (thin)","") -> unknown | AF10: =IF(OR(Y10>0,Z10<0),X10,NA()) -> #N/A | AG10: =IF(OR(Y10>0,Z10<0),NA(),X10) -> 7.9267643e-05 | AI10: 28 Dec | AJ10: 20268 | AK10: 0.0068087626 | AL10: 0.0010424076 | AM10: 0.0012293244 | AO10: home/apparel/ | AP10: 10314 | AQ10: 0.029280589 | AR10: 0 | AS10: 0.0030825105 | AT10: 0 | AU10: =_xlfn.LET(_xlpm.c,IF(LEFT(AO10,5)="home/",MID(AO10,6,99),AO10),IF(RIGHT(_xlpm.c,1)="/",LEFT(_xlpm.c,LEN(_xlpm.c)-1),_xlpm.c))&IF(AT10=1," (thin)","") -> apparel | AV10: =IF(ROW()=2,AQ10,NA()) -> #N/A | AW10: =IF(ROW()=2,NA(),AQ10) -> 0.029280589
A11: kpi_sessions | B11: =D2 -> 355592 | R11: channel | S11: organic | T11: 121780 | U11: 0.011151256 | V11: 0.010576708 | W11: 0.011756644 | X11: -0.0037538811 | Y11: -0.0045149956 | Z11: -0.0029792686 | AA11: 0 | AB11: 0.00076111448 | AC11: 0.00077461246 | AD11: {=IF(R11=R10,"",_xlfn.SWITCH(R11,"device_category","Device","continent","Continent","channel","Channel"))} -> Channel | AE11: =S11&IF(AA11=1," (thin)","") -> organic | AF11: =IF(OR(Y11>0,Z11<0),X11,NA()) -> -0.0037538811 | AG11: =IF(OR(Y11>0,Z11<0),NA(),X11) -> #N/A | AI11: 04 Jan | AJ11: 28756 | AK11: 0.0056336069 | AL11: 0.0008014945 | AM11: 0.00093355978 | AO11: home/apparel/women's/ | AP11: 10290 | AQ11: 0.030029155 | AR11: 0 | AS11: 0.0031262117 | AT11: 0 | AU11: =_xlfn.LET(_xlpm.c,IF(LEFT(AO11,5)="home/",MID(AO11,6,99),AO11),IF(RIGHT(_xlpm.c,1)="/",LEFT(_xlpm.c,LEN(_xlpm.c)-1),_xlpm.c))&IF(AT11=1," (thin)","") -> apparel/women's | AV11: =IF(ROW()=2,AQ11,NA()) -> #N/A | AW11: =IF(ROW()=2,NA(),AQ11) -> 0.030029155
A12: kpi_purchasing_sessions | B12: =D8 -> 4843 | R12: channel | S12: direct | T12: 82493 | U12: 0.013055653 | V12: 0.0123034 | W12: 0.013853255 | X12: -0.00073421787 | Y12: -0.0016078622 | Z12: 0.00017218858 | AA12: 0 | AB12: 0.00087364432 | AC12: 0.00090640644 | AD12: {=IF(R12=R11,"",_xlfn.SWITCH(R12,"device_category","Device","continent","Continent","channel","Channel"))} | AE12: =S12&IF(AA12=1," (thin)","") -> direct | AF12: =IF(OR(Y12>0,Z12<0),X12,NA()) -> #N/A | AG12: =IF(OR(Y12>0,Z12<0),NA(),X12) -> -0.00073421787 | AI12: 11 Jan | AJ12: 27384 | AK12: 0.0082895121 | AL12: 0.0010070513 | AM12: 0.0011449873 | AO12: lifestyle/small goods/ | AP12: 9646 | AQ12: 0.031619324 | AR12: 0 | AS12: 0.0033098214 | AT12: 0 | AU12: =_xlfn.LET(_xlpm.c,IF(LEFT(AO12,5)="home/",MID(AO12,6,99),AO12),IF(RIGHT(_xlpm.c,1)="/",LEFT(_xlpm.c,LEN(_xlpm.c)-1),_xlpm.c))&IF(AT12=1," (thin)","") -> lifestyle/small goods | AV12: =IF(ROW()=2,AQ12,NA()) -> #N/A | AW12: =IF(ROW()=2,NA(),AQ12) -> 0.031619324
A13: kpi_conversion | B13: =E8 -> 0.013619541 | R13: channel | S13: referral | T13: 62331 | U13: 0.01684555 | V13: 0.01586462 | W13: 0.017886031 | X13: 0.0039116792 | Y13: 0.0028464309 | Z13: 0.0050273365 | AA13: 0 | AB13: 0.0010652482 | AC13: 0.0011156573 | AD13: {=IF(R13=R12,"",_xlfn.SWITCH(R13,"device_category","Device","continent","Continent","channel","Channel"))} | AE13: =S13&IF(AA13=1," (thin)","") -> referral | AF13: =IF(OR(Y13>0,Z13<0),X13,NA()) -> 0.0039116792 | AG13: =IF(OR(Y13>0,Z13<0),NA(),X13) -> #N/A | AI13: 18 Jan | AJ13: 27142 | AK13: 0.013816226 | AL13: 0.00132148 | AM13: 0.0014590815 | AO13: lifestyle/drinkware/ | AP13: 8416 | AQ13: 0.04871673 | AR13: 0 | AS13: 0.0043969384 | AT13: 0 | AU13: =_xlfn.LET(_xlpm.c,IF(LEFT(AO13,5)="home/",MID(AO13,6,99),AO13),IF(RIGHT(_xlpm.c,1)="/",LEFT(_xlpm.c,LEN(_xlpm.c)-1),_xlpm.c))&IF(AT13=1," (thin)","") -> lifestyle/drinkware | AV13: =IF(ROW()=2,AQ13,NA()) -> #N/A | AW13: =IF(ROW()=2,NA(),AQ13) -> 0.04871673
A14: kpi_conversion_ci | B14: ="95% CI "&TEXT(F8,"0.00%")&" – "&TEXT(G8,"0.00%") -> 95% CI 1.32% – 1.40% | R14: channel | S14: other | T14: 51789 | U14: 0.0099248875 | V14: 0.0091067533 | W14: 0.010815719 | X14: -0.004324478 | Y14: -0.005247627 | Z14: -0.003341581 | AA14: 0 | AB14: 0.00092314895 | AC14: 0.00098289697 | AD14: {=IF(R14=R13,"",_xlfn.SWITCH(R14,"device_category","Device","continent","Continent","channel","Channel"))} | AE14: =S14&IF(AA14=1," (thin)","") -> other | AF14: =IF(OR(Y14>0,Z14<0),X14,NA()) -> -0.004324478 | AG14: =IF(OR(Y14>0,Z14<0),NA(),X14) -> #N/A | AI14: 25 Jan | AJ14: 26065 | AK14: 0.011931709 | AL14: 0.0012480903 | AM14: 0.0013919321
R15: channel | S15: cpc | T15: 15548 | U15: 0.009776177 | V15: 0.0083461812 | W15: 0.011448353 | X15: -0.0040190966 | Y15: -0.0055033298 | Z15: -0.0023028159 | AA15: 0 | AB15: 0.0014842332 | AC15: 0.0017162806 | AD15: {=IF(R15=R14,"",_xlfn.SWITCH(R15,"device_category","Device","continent","Continent","channel","Channel"))} | AE15: =S15&IF(AA15=1," (thin)","") -> cpc | AF15: =IF(OR(Y15>0,Z15<0),X15,NA()) -> -0.0040190966 | AG15: =IF(OR(Y15>0,Z15<0),NA(),X15) -> #N/A
R16: channel | S16: unknown | T16: 21651 | U16: 0.031961572 | V16: 0.029700352 | W16: 0.034388848 | X16: 0.019531233 | Y16: 0.017238067 | Z16: 0.021986579 | AA16: 0 | AB16: 0.0022931654 | AC16: 0.0024553463 | AD16: {=IF(R16=R15,"",_xlfn.SWITCH(R16,"device_category","Device","continent","Continent","channel","Channel"))} | AE16: =S16&IF(AA16=1," (thin)","") -> unknown | AF16: =IF(OR(Y16>0,Z16<0),X16,NA()) -> 0.019531233 | AG16: =IF(OR(Y16>0,Z16<0),NA(),X16) -> #N/A
